[19-Mar-2026 14:36:39 UTC] PHP Warning:  Undefined array key "unohs" in /home/1971winbd/public_html/SHISHIR-ADMIN/index.php on line 12
[19-Mar-2026 14:37:34 UTC] PHP Warning:  Undefined array key "unohs" in /home/1971winbd/public_html/SHISHIR-ADMIN/index.php on line 12
[19-Mar-2026 14:37:39 UTC] PHP Warning:  Undefined array key "unohs" in /home/1971winbd/public_html/SHISHIR-ADMIN/index.php on line 12
[19-Mar-2026 20:08:01 Asia/Kolkata] PHP Deprecated:  number_format(): Passing null to parameter #1 ($num) of type float is deprecated in /home/1971winbd/public_html/SHISHIR-ADMIN/index.php on line 1035
[19-Mar-2026 20:08:01 Asia/Kolkata] PHP Deprecated:  number_format(): Passing null to parameter #1 ($num) of type float is deprecated in /home/1971winbd/public_html/SHISHIR-ADMIN/index.php on line 1061
[19-Mar-2026 20:08:01 Asia/Kolkata] PHP Deprecated:  number_format(): Passing null to parameter #1 ($num) of type float is deprecated in /home/1971winbd/public_html/SHISHIR-ADMIN/index.php on line 1139
[19-Mar-2026 20:08:31 Asia/Kolkata] PHP Deprecated:  number_format(): Passing null to parameter #1 ($num) of type float is deprecated in /home/1971winbd/public_html/SHISHIR-ADMIN/index.php on line 1035
[19-Mar-2026 20:08:31 Asia/Kolkata] PHP Deprecated:  number_format(): Passing null to parameter #1 ($num) of type float is deprecated in /home/1971winbd/public_html/SHISHIR-ADMIN/index.php on line 1061
[19-Mar-2026 20:08:31 Asia/Kolkata] PHP Deprecated:  number_format(): Passing null to parameter #1 ($num) of type float is deprecated in /home/1971winbd/public_html/SHISHIR-ADMIN/index.php on line 1139
[19-Mar-2026 14:39:01 UTC] PHP Warning:  Undefined array key "unohs" in /home/1971winbd/public_html/SHISHIR-ADMIN/index.php on line 12
[19-Mar-2026 14:39:12 UTC] PHP Warning:  Undefined array key "unohs" in /home/1971winbd/public_html/SHISHIR-ADMIN/index.php on line 12
[19-Mar-2026 20:09:35 Asia/Kolkata] PHP Deprecated:  number_format(): Passing null to parameter #1 ($num) of type float is deprecated in /home/1971winbd/public_html/SHISHIR-ADMIN/index.php on line 1035
[19-Mar-2026 20:09:35 Asia/Kolkata] PHP Deprecated:  number_format(): Passing null to parameter #1 ($num) of type float is deprecated in /home/1971winbd/public_html/SHISHIR-ADMIN/index.php on line 1061
[19-Mar-2026 20:09:35 Asia/Kolkata] PHP Deprecated:  number_format(): Passing null to parameter #1 ($num) of type float is deprecated in /home/1971winbd/public_html/SHISHIR-ADMIN/index.php on line 1139
[19-Mar-2026 20:09:56 Asia/Kolkata] PHP Deprecated:  number_format(): Passing null to parameter #1 ($num) of type float is deprecated in /home/1971winbd/public_html/SHISHIR-ADMIN/index.php on line 1035
[19-Mar-2026 20:09:56 Asia/Kolkata] PHP Deprecated:  number_format(): Passing null to parameter #1 ($num) of type float is deprecated in /home/1971winbd/public_html/SHISHIR-ADMIN/index.php on line 1061
[19-Mar-2026 20:09:56 Asia/Kolkata] PHP Deprecated:  number_format(): Passing null to parameter #1 ($num) of type float is deprecated in /home/1971winbd/public_html/SHISHIR-ADMIN/index.php on line 1139
[19-Mar-2026 20:10:16 Asia/Kolkata] PHP Deprecated:  number_format(): Passing null to parameter #1 ($num) of type float is deprecated in /home/1971winbd/public_html/SHISHIR-ADMIN/index.php on line 1035
[19-Mar-2026 20:10:16 Asia/Kolkata] PHP Deprecated:  number_format(): Passing null to parameter #1 ($num) of type float is deprecated in /home/1971winbd/public_html/SHISHIR-ADMIN/index.php on line 1061
[19-Mar-2026 20:10:16 Asia/Kolkata] PHP Deprecated:  number_format(): Passing null to parameter #1 ($num) of type float is deprecated in /home/1971winbd/public_html/SHISHIR-ADMIN/index.php on line 1139
[19-Mar-2026 14:40:22 UTC] PHP Warning:  Undefined array key "unohs" in /home/1971winbd/public_html/SHISHIR-ADMIN/index.php on line 12
[19-Mar-2026 20:10:36 Asia/Kolkata] PHP Deprecated:  number_format(): Passing null to parameter #1 ($num) of type float is deprecated in /home/1971winbd/public_html/SHISHIR-ADMIN/index.php on line 1035
[19-Mar-2026 20:10:36 Asia/Kolkata] PHP Deprecated:  number_format(): Passing null to parameter #1 ($num) of type float is deprecated in /home/1971winbd/public_html/SHISHIR-ADMIN/index.php on line 1061
[19-Mar-2026 20:10:36 Asia/Kolkata] PHP Deprecated:  number_format(): Passing null to parameter #1 ($num) of type float is deprecated in /home/1971winbd/public_html/SHISHIR-ADMIN/index.php on line 1139
[19-Mar-2026 20:19:03 Asia/Kolkata] PHP Deprecated:  number_format(): Passing null to parameter #1 ($num) of type float is deprecated in /home/1971winbd/public_html/SHISHIR-ADMIN/index.php on line 1035
[19-Mar-2026 20:19:03 Asia/Kolkata] PHP Deprecated:  number_format(): Passing null to parameter #1 ($num) of type float is deprecated in /home/1971winbd/public_html/SHISHIR-ADMIN/index.php on line 1061
[19-Mar-2026 20:19:03 Asia/Kolkata] PHP Deprecated:  number_format(): Passing null to parameter #1 ($num) of type float is deprecated in /home/1971winbd/public_html/SHISHIR-ADMIN/index.php on line 1139
[19-Mar-2026 20:19:53 Asia/Kolkata] PHP Deprecated:  number_format(): Passing null to parameter #1 ($num) of type float is deprecated in /home/1971winbd/public_html/SHISHIR-ADMIN/index.php on line 1035
[19-Mar-2026 20:19:53 Asia/Kolkata] PHP Deprecated:  number_format(): Passing null to parameter #1 ($num) of type float is deprecated in /home/1971winbd/public_html/SHISHIR-ADMIN/index.php on line 1061
[19-Mar-2026 20:19:53 Asia/Kolkata] PHP Deprecated:  number_format(): Passing null to parameter #1 ($num) of type float is deprecated in /home/1971winbd/public_html/SHISHIR-ADMIN/index.php on line 1139
[19-Mar-2026 20:20:24 Asia/Kolkata] PHP Deprecated:  number_format(): Passing null to parameter #1 ($num) of type float is deprecated in /home/1971winbd/public_html/SHISHIR-ADMIN/index.php on line 1035
[19-Mar-2026 20:20:24 Asia/Kolkata] PHP Deprecated:  number_format(): Passing null to parameter #1 ($num) of type float is deprecated in /home/1971winbd/public_html/SHISHIR-ADMIN/index.php on line 1061
[19-Mar-2026 20:20:24 Asia/Kolkata] PHP Deprecated:  number_format(): Passing null to parameter #1 ($num) of type float is deprecated in /home/1971winbd/public_html/SHISHIR-ADMIN/index.php on line 1139
[19-Mar-2026 20:22:25 Asia/Kolkata] PHP Deprecated:  number_format(): Passing null to parameter #1 ($num) of type float is deprecated in /home/1971winbd/public_html/SHISHIR-ADMIN/index.php on line 1035
[19-Mar-2026 20:22:25 Asia/Kolkata] PHP Deprecated:  number_format(): Passing null to parameter #1 ($num) of type float is deprecated in /home/1971winbd/public_html/SHISHIR-ADMIN/index.php on line 1061
[19-Mar-2026 20:22:25 Asia/Kolkata] PHP Deprecated:  number_format(): Passing null to parameter #1 ($num) of type float is deprecated in /home/1971winbd/public_html/SHISHIR-ADMIN/index.php on line 1139
[19-Mar-2026 20:22:40 Asia/Kolkata] PHP Deprecated:  number_format(): Passing null to parameter #1 ($num) of type float is deprecated in /home/1971winbd/public_html/SHISHIR-ADMIN/index.php on line 1035
[19-Mar-2026 20:22:40 Asia/Kolkata] PHP Deprecated:  number_format(): Passing null to parameter #1 ($num) of type float is deprecated in /home/1971winbd/public_html/SHISHIR-ADMIN/index.php on line 1061
[19-Mar-2026 20:22:40 Asia/Kolkata] PHP Deprecated:  number_format(): Passing null to parameter #1 ($num) of type float is deprecated in /home/1971winbd/public_html/SHISHIR-ADMIN/index.php on line 1139
[19-Mar-2026 20:24:02 Asia/Kolkata] PHP Deprecated:  number_format(): Passing null to parameter #1 ($num) of type float is deprecated in /home/1971winbd/public_html/SHISHIR-ADMIN/index.php on line 1035
[19-Mar-2026 20:24:02 Asia/Kolkata] PHP Deprecated:  number_format(): Passing null to parameter #1 ($num) of type float is deprecated in /home/1971winbd/public_html/SHISHIR-ADMIN/index.php on line 1061
[19-Mar-2026 20:24:02 Asia/Kolkata] PHP Deprecated:  number_format(): Passing null to parameter #1 ($num) of type float is deprecated in /home/1971winbd/public_html/SHISHIR-ADMIN/index.php on line 1139
[19-Mar-2026 20:25:18 Asia/Kolkata] PHP Deprecated:  number_format(): Passing null to parameter #1 ($num) of type float is deprecated in /home/1971winbd/public_html/SHISHIR-ADMIN/index.php on line 1035
[19-Mar-2026 20:25:18 Asia/Kolkata] PHP Deprecated:  number_format(): Passing null to parameter #1 ($num) of type float is deprecated in /home/1971winbd/public_html/SHISHIR-ADMIN/index.php on line 1061
[19-Mar-2026 20:25:18 Asia/Kolkata] PHP Deprecated:  number_format(): Passing null to parameter #1 ($num) of type float is deprecated in /home/1971winbd/public_html/SHISHIR-ADMIN/index.php on line 1139
[19-Mar-2026 20:34:17 Asia/Kolkata] PHP Deprecated:  number_format(): Passing null to parameter #1 ($num) of type float is deprecated in /home/1971winbd/public_html/SHISHIR-ADMIN/index.php on line 1035
[19-Mar-2026 20:34:17 Asia/Kolkata] PHP Deprecated:  number_format(): Passing null to parameter #1 ($num) of type float is deprecated in /home/1971winbd/public_html/SHISHIR-ADMIN/index.php on line 1061
[19-Mar-2026 20:34:17 Asia/Kolkata] PHP Deprecated:  number_format(): Passing null to parameter #1 ($num) of type float is deprecated in /home/1971winbd/public_html/SHISHIR-ADMIN/index.php on line 1139
[19-Mar-2026 20:53:19 Asia/Kolkata] PHP Deprecated:  number_format(): Passing null to parameter #1 ($num) of type float is deprecated in /home/1971winbd/public_html/SHISHIR-ADMIN/index.php on line 1035
[19-Mar-2026 20:53:19 Asia/Kolkata] PHP Deprecated:  number_format(): Passing null to parameter #1 ($num) of type float is deprecated in /home/1971winbd/public_html/SHISHIR-ADMIN/index.php on line 1061
[19-Mar-2026 20:53:19 Asia/Kolkata] PHP Deprecated:  number_format(): Passing null to parameter #1 ($num) of type float is deprecated in /home/1971winbd/public_html/SHISHIR-ADMIN/index.php on line 1139
[19-Mar-2026 20:53:23 Asia/Kolkata] PHP Deprecated:  number_format(): Passing null to parameter #1 ($num) of type float is deprecated in /home/1971winbd/public_html/SHISHIR-ADMIN/index.php on line 1035
[19-Mar-2026 20:53:23 Asia/Kolkata] PHP Deprecated:  number_format(): Passing null to parameter #1 ($num) of type float is deprecated in /home/1971winbd/public_html/SHISHIR-ADMIN/index.php on line 1061
[19-Mar-2026 20:53:23 Asia/Kolkata] PHP Deprecated:  number_format(): Passing null to parameter #1 ($num) of type float is deprecated in /home/1971winbd/public_html/SHISHIR-ADMIN/index.php on line 1139
[19-Mar-2026 20:53:24 Asia/Kolkata] PHP Deprecated:  number_format(): Passing null to parameter #1 ($num) of type float is deprecated in /home/1971winbd/public_html/SHISHIR-ADMIN/index.php on line 1035
[19-Mar-2026 20:53:24 Asia/Kolkata] PHP Deprecated:  number_format(): Passing null to parameter #1 ($num) of type float is deprecated in /home/1971winbd/public_html/SHISHIR-ADMIN/index.php on line 1061
[19-Mar-2026 20:53:24 Asia/Kolkata] PHP Deprecated:  number_format(): Passing null to parameter #1 ($num) of type float is deprecated in /home/1971winbd/public_html/SHISHIR-ADMIN/index.php on line 1139
[19-Mar-2026 20:58:03 Asia/Kolkata] PHP Deprecated:  number_format(): Passing null to parameter #1 ($num) of type float is deprecated in /home/1971winbd/public_html/SHISHIR-ADMIN/index.php on line 1035
[19-Mar-2026 20:58:03 Asia/Kolkata] PHP Deprecated:  number_format(): Passing null to parameter #1 ($num) of type float is deprecated in /home/1971winbd/public_html/SHISHIR-ADMIN/index.php on line 1061
[19-Mar-2026 20:58:03 Asia/Kolkata] PHP Deprecated:  number_format(): Passing null to parameter #1 ($num) of type float is deprecated in /home/1971winbd/public_html/SHISHIR-ADMIN/index.php on line 1139
[19-Mar-2026 21:10:25 Asia/Kolkata] PHP Deprecated:  number_format(): Passing null to parameter #1 ($num) of type float is deprecated in /home/1971winbd/public_html/SHISHIR-ADMIN/index.php on line 1035
[19-Mar-2026 21:10:25 Asia/Kolkata] PHP Deprecated:  number_format(): Passing null to parameter #1 ($num) of type float is deprecated in /home/1971winbd/public_html/SHISHIR-ADMIN/index.php on line 1061
[19-Mar-2026 21:10:25 Asia/Kolkata] PHP Deprecated:  number_format(): Passing null to parameter #1 ($num) of type float is deprecated in /home/1971winbd/public_html/SHISHIR-ADMIN/index.php on line 1139
[19-Mar-2026 21:11:27 Asia/Kolkata] PHP Deprecated:  number_format(): Passing null to parameter #1 ($num) of type float is deprecated in /home/1971winbd/public_html/SHISHIR-ADMIN/index.php on line 1035
[19-Mar-2026 21:11:27 Asia/Kolkata] PHP Deprecated:  number_format(): Passing null to parameter #1 ($num) of type float is deprecated in /home/1971winbd/public_html/SHISHIR-ADMIN/index.php on line 1061
[19-Mar-2026 21:11:27 Asia/Kolkata] PHP Deprecated:  number_format(): Passing null to parameter #1 ($num) of type float is deprecated in /home/1971winbd/public_html/SHISHIR-ADMIN/index.php on line 1139
[19-Mar-2026 21:11:48 Asia/Kolkata] PHP Deprecated:  number_format(): Passing null to parameter #1 ($num) of type float is deprecated in /home/1971winbd/public_html/SHISHIR-ADMIN/index.php on line 1035
[19-Mar-2026 21:11:48 Asia/Kolkata] PHP Deprecated:  number_format(): Passing null to parameter #1 ($num) of type float is deprecated in /home/1971winbd/public_html/SHISHIR-ADMIN/index.php on line 1061
[19-Mar-2026 21:11:48 Asia/Kolkata] PHP Deprecated:  number_format(): Passing null to parameter #1 ($num) of type float is deprecated in /home/1971winbd/public_html/SHISHIR-ADMIN/index.php on line 1139
[19-Mar-2026 21:15:47 Asia/Kolkata] PHP Deprecated:  number_format(): Passing null to parameter #1 ($num) of type float is deprecated in /home/1971winbd/public_html/SHISHIR-ADMIN/index.php on line 1035
[19-Mar-2026 21:15:47 Asia/Kolkata] PHP Deprecated:  number_format(): Passing null to parameter #1 ($num) of type float is deprecated in /home/1971winbd/public_html/SHISHIR-ADMIN/index.php on line 1061
[19-Mar-2026 21:15:47 Asia/Kolkata] PHP Deprecated:  number_format(): Passing null to parameter #1 ($num) of type float is deprecated in /home/1971winbd/public_html/SHISHIR-ADMIN/index.php on line 1139
[19-Mar-2026 21:15:51 Asia/Kolkata] PHP Deprecated:  number_format(): Passing null to parameter #1 ($num) of type float is deprecated in /home/1971winbd/public_html/SHISHIR-ADMIN/index.php on line 1035
[19-Mar-2026 21:15:51 Asia/Kolkata] PHP Deprecated:  number_format(): Passing null to parameter #1 ($num) of type float is deprecated in /home/1971winbd/public_html/SHISHIR-ADMIN/index.php on line 1061
[19-Mar-2026 21:15:51 Asia/Kolkata] PHP Deprecated:  number_format(): Passing null to parameter #1 ($num) of type float is deprecated in /home/1971winbd/public_html/SHISHIR-ADMIN/index.php on line 1139
[19-Mar-2026 21:19:33 Asia/Kolkata] PHP Deprecated:  number_format(): Passing null to parameter #1 ($num) of type float is deprecated in /home/1971winbd/public_html/SHISHIR-ADMIN/index.php on line 1035
[19-Mar-2026 21:19:33 Asia/Kolkata] PHP Deprecated:  number_format(): Passing null to parameter #1 ($num) of type float is deprecated in /home/1971winbd/public_html/SHISHIR-ADMIN/index.php on line 1061
[19-Mar-2026 21:19:33 Asia/Kolkata] PHP Deprecated:  number_format(): Passing null to parameter #1 ($num) of type float is deprecated in /home/1971winbd/public_html/SHISHIR-ADMIN/index.php on line 1139
[19-Mar-2026 16:26:13 UTC] PHP Warning:  Undefined array key "unohs" in /home/1971winbd/public_html/SHISHIR-ADMIN/index.php on line 12
[19-Mar-2026 16:40:19 UTC] PHP Warning:  Undefined array key "unohs" in /home/1971winbd/public_html/SHISHIR-ADMIN/index.php on line 12
[19-Mar-2026 22:10:42 Asia/Kolkata] PHP Deprecated:  number_format(): Passing null to parameter #1 ($num) of type float is deprecated in /home/1971winbd/public_html/SHISHIR-ADMIN/index.php on line 1035
[19-Mar-2026 22:10:42 Asia/Kolkata] PHP Deprecated:  number_format(): Passing null to parameter #1 ($num) of type float is deprecated in /home/1971winbd/public_html/SHISHIR-ADMIN/index.php on line 1061
[19-Mar-2026 22:10:42 Asia/Kolkata] PHP Deprecated:  number_format(): Passing null to parameter #1 ($num) of type float is deprecated in /home/1971winbd/public_html/SHISHIR-ADMIN/index.php on line 1139
[19-Mar-2026 22:30:35 Asia/Kolkata] PHP Deprecated:  number_format(): Passing null to parameter #1 ($num) of type float is deprecated in /home/1971winbd/public_html/SHISHIR-ADMIN/index.php on line 1035
[19-Mar-2026 22:30:35 Asia/Kolkata] PHP Deprecated:  number_format(): Passing null to parameter #1 ($num) of type float is deprecated in /home/1971winbd/public_html/SHISHIR-ADMIN/index.php on line 1061
[19-Mar-2026 22:30:35 Asia/Kolkata] PHP Deprecated:  number_format(): Passing null to parameter #1 ($num) of type float is deprecated in /home/1971winbd/public_html/SHISHIR-ADMIN/index.php on line 1139
[19-Mar-2026 23:14:00 Asia/Kolkata] PHP Deprecated:  number_format(): Passing null to parameter #1 ($num) of type float is deprecated in /home/1971winbd/public_html/SHISHIR-ADMIN/index.php on line 1035
[19-Mar-2026 23:14:00 Asia/Kolkata] PHP Deprecated:  number_format(): Passing null to parameter #1 ($num) of type float is deprecated in /home/1971winbd/public_html/SHISHIR-ADMIN/index.php on line 1061
[19-Mar-2026 23:14:00 Asia/Kolkata] PHP Deprecated:  number_format(): Passing null to parameter #1 ($num) of type float is deprecated in /home/1971winbd/public_html/SHISHIR-ADMIN/index.php on line 1139
[19-Mar-2026 23:14:43 Asia/Kolkata] PHP Deprecated:  number_format(): Passing null to parameter #1 ($num) of type float is deprecated in /home/1971winbd/public_html/SHISHIR-ADMIN/index.php on line 1035
[19-Mar-2026 23:14:43 Asia/Kolkata] PHP Deprecated:  number_format(): Passing null to parameter #1 ($num) of type float is deprecated in /home/1971winbd/public_html/SHISHIR-ADMIN/index.php on line 1061
[19-Mar-2026 23:14:43 Asia/Kolkata] PHP Deprecated:  number_format(): Passing null to parameter #1 ($num) of type float is deprecated in /home/1971winbd/public_html/SHISHIR-ADMIN/index.php on line 1139
[19-Mar-2026 23:14:43 Asia/Kolkata] PHP Deprecated:  number_format(): Passing null to parameter #1 ($num) of type float is deprecated in /home/1971winbd/public_html/SHISHIR-ADMIN/index.php on line 1218
[19-Mar-2026 23:43:46 Asia/Kolkata] PHP Deprecated:  number_format(): Passing null to parameter #1 ($num) of type float is deprecated in /home/1971winbd/public_html/SHISHIR-ADMIN/index.php on line 1035
[19-Mar-2026 23:43:46 Asia/Kolkata] PHP Deprecated:  number_format(): Passing null to parameter #1 ($num) of type float is deprecated in /home/1971winbd/public_html/SHISHIR-ADMIN/index.php on line 1061
[19-Mar-2026 23:43:46 Asia/Kolkata] PHP Deprecated:  number_format(): Passing null to parameter #1 ($num) of type float is deprecated in /home/1971winbd/public_html/SHISHIR-ADMIN/index.php on line 1139
[19-Mar-2026 23:43:46 Asia/Kolkata] PHP Deprecated:  number_format(): Passing null to parameter #1 ($num) of type float is deprecated in /home/1971winbd/public_html/SHISHIR-ADMIN/index.php on line 1218
[20-Mar-2026 09:10:09 Asia/Kolkata] PHP Deprecated:  number_format(): Passing null to parameter #1 ($num) of type float is deprecated in /home/1971winbd/public_html/SHISHIR-ADMIN/index.php on line 1035
[20-Mar-2026 09:10:09 Asia/Kolkata] PHP Deprecated:  number_format(): Passing null to parameter #1 ($num) of type float is deprecated in /home/1971winbd/public_html/SHISHIR-ADMIN/index.php on line 1061
[20-Mar-2026 09:10:09 Asia/Kolkata] PHP Deprecated:  number_format(): Passing null to parameter #1 ($num) of type float is deprecated in /home/1971winbd/public_html/SHISHIR-ADMIN/index.php on line 1139
[20-Mar-2026 09:10:09 Asia/Kolkata] PHP Deprecated:  number_format(): Passing null to parameter #1 ($num) of type float is deprecated in /home/1971winbd/public_html/SHISHIR-ADMIN/index.php on line 1218
[20-Mar-2026 22:24:37 Asia/Kolkata] PHP Deprecated:  number_format(): Passing null to parameter #1 ($num) of type float is deprecated in /home/1971winbd/public_html/SHISHIR-ADMIN/index.php on line 1035
[20-Mar-2026 22:24:37 Asia/Kolkata] PHP Deprecated:  number_format(): Passing null to parameter #1 ($num) of type float is deprecated in /home/1971winbd/public_html/SHISHIR-ADMIN/index.php on line 1061
[20-Mar-2026 22:24:37 Asia/Kolkata] PHP Deprecated:  number_format(): Passing null to parameter #1 ($num) of type float is deprecated in /home/1971winbd/public_html/SHISHIR-ADMIN/index.php on line 1139
[20-Mar-2026 22:24:37 Asia/Kolkata] PHP Deprecated:  number_format(): Passing null to parameter #1 ($num) of type float is deprecated in /home/1971winbd/public_html/SHISHIR-ADMIN/index.php on line 1218
[20-Mar-2026 17:41:38 UTC] PHP Warning:  Undefined array key "unohs" in /home/1971winbd/public_html/SHISHIR-ADMIN/index.php on line 12
[20-Mar-2026 23:11:50 Asia/Kolkata] PHP Deprecated:  number_format(): Passing null to parameter #1 ($num) of type float is deprecated in /home/1971winbd/public_html/SHISHIR-ADMIN/index.php on line 1035
[20-Mar-2026 23:11:50 Asia/Kolkata] PHP Deprecated:  number_format(): Passing null to parameter #1 ($num) of type float is deprecated in /home/1971winbd/public_html/SHISHIR-ADMIN/index.php on line 1061
[20-Mar-2026 23:11:50 Asia/Kolkata] PHP Deprecated:  number_format(): Passing null to parameter #1 ($num) of type float is deprecated in /home/1971winbd/public_html/SHISHIR-ADMIN/index.php on line 1139
[20-Mar-2026 23:11:50 Asia/Kolkata] PHP Deprecated:  number_format(): Passing null to parameter #1 ($num) of type float is deprecated in /home/1971winbd/public_html/SHISHIR-ADMIN/index.php on line 1218
[20-Mar-2026 23:20:50 Asia/Kolkata] PHP Deprecated:  number_format(): Passing null to parameter #1 ($num) of type float is deprecated in /home/1971winbd/public_html/SHISHIR-ADMIN/index.php on line 1035
[20-Mar-2026 23:20:50 Asia/Kolkata] PHP Deprecated:  number_format(): Passing null to parameter #1 ($num) of type float is deprecated in /home/1971winbd/public_html/SHISHIR-ADMIN/index.php on line 1061
[20-Mar-2026 23:20:50 Asia/Kolkata] PHP Deprecated:  number_format(): Passing null to parameter #1 ($num) of type float is deprecated in /home/1971winbd/public_html/SHISHIR-ADMIN/index.php on line 1139
[20-Mar-2026 23:20:50 Asia/Kolkata] PHP Deprecated:  number_format(): Passing null to parameter #1 ($num) of type float is deprecated in /home/1971winbd/public_html/SHISHIR-ADMIN/index.php on line 1218
[20-Mar-2026 18:12:25 UTC] PHP Warning:  Undefined array key "unohs" in /home/1971winbd/public_html/SHISHIR-ADMIN/index.php on line 12
[20-Mar-2026 23:42:40 Asia/Kolkata] PHP Deprecated:  number_format(): Passing null to parameter #1 ($num) of type float is deprecated in /home/1971winbd/public_html/SHISHIR-ADMIN/index.php on line 1035
[20-Mar-2026 23:42:40 Asia/Kolkata] PHP Deprecated:  number_format(): Passing null to parameter #1 ($num) of type float is deprecated in /home/1971winbd/public_html/SHISHIR-ADMIN/index.php on line 1061
[20-Mar-2026 23:42:40 Asia/Kolkata] PHP Deprecated:  number_format(): Passing null to parameter #1 ($num) of type float is deprecated in /home/1971winbd/public_html/SHISHIR-ADMIN/index.php on line 1139
[20-Mar-2026 23:42:40 Asia/Kolkata] PHP Deprecated:  number_format(): Passing null to parameter #1 ($num) of type float is deprecated in /home/1971winbd/public_html/SHISHIR-ADMIN/index.php on line 1218
[21-Mar-2026 19:47:15 UTC] PHP Warning:  Undefined array key "unohs" in /home/1971winbd/public_html/SHISHIR-ADMIN/index.php on line 12
[22-Mar-2026 11:47:04 UTC] PHP Warning:  Undefined array key "unohs" in /home/1971winbd/public_html/SHISHIR-ADMIN/index.php on line 12
[22-Mar-2026 12:43:30 UTC] PHP Warning:  Undefined array key "unohs" in /home/1971winbd/public_html/SHISHIR-ADMIN/index.php on line 12
[23-Mar-2026 05:38:06 UTC] PHP Warning:  Undefined array key "unohs" in /home/1971winbd/public_html/SHISHIR-ADMIN/index.php on line 12
[24-Mar-2026 18:01:21 UTC] PHP Warning:  Undefined array key "unohs" in /home/1971winbd/public_html/SHISHIR-ADMIN/index.php on line 12
[24-Mar-2026 18:01:27 UTC] PHP Warning:  Undefined array key "unohs" in /home/1971winbd/public_html/SHISHIR-ADMIN/index.php on line 12
[24-Mar-2026 23:31:36 Asia/Kolkata] PHP Deprecated:  number_format(): Passing null to parameter #1 ($num) of type float is deprecated in /home/1971winbd/public_html/SHISHIR-ADMIN/index.php on line 1035
[24-Mar-2026 23:31:36 Asia/Kolkata] PHP Deprecated:  number_format(): Passing null to parameter #1 ($num) of type float is deprecated in /home/1971winbd/public_html/SHISHIR-ADMIN/index.php on line 1061
[24-Mar-2026 23:31:36 Asia/Kolkata] PHP Deprecated:  number_format(): Passing null to parameter #1 ($num) of type float is deprecated in /home/1971winbd/public_html/SHISHIR-ADMIN/index.php on line 1139
[24-Mar-2026 23:31:36 Asia/Kolkata] PHP Deprecated:  number_format(): Passing null to parameter #1 ($num) of type float is deprecated in /home/1971winbd/public_html/SHISHIR-ADMIN/index.php on line 1218
[24-Mar-2026 18:01:43 UTC] PHP Warning:  Undefined array key "unohs" in /home/1971winbd/public_html/SHISHIR-ADMIN/index.php on line 12
[24-Mar-2026 18:17:29 UTC] PHP Warning:  Undefined array key "unohs" in /home/1971winbd/public_html/SHISHIR-ADMIN/index.php on line 12
[24-Mar-2026 23:47:40 Asia/Kolkata] PHP Deprecated:  number_format(): Passing null to parameter #1 ($num) of type float is deprecated in /home/1971winbd/public_html/SHISHIR-ADMIN/index.php on line 1035
[24-Mar-2026 23:47:40 Asia/Kolkata] PHP Deprecated:  number_format(): Passing null to parameter #1 ($num) of type float is deprecated in /home/1971winbd/public_html/SHISHIR-ADMIN/index.php on line 1061
[24-Mar-2026 23:47:40 Asia/Kolkata] PHP Deprecated:  number_format(): Passing null to parameter #1 ($num) of type float is deprecated in /home/1971winbd/public_html/SHISHIR-ADMIN/index.php on line 1139
[24-Mar-2026 23:47:40 Asia/Kolkata] PHP Deprecated:  number_format(): Passing null to parameter #1 ($num) of type float is deprecated in /home/1971winbd/public_html/SHISHIR-ADMIN/index.php on line 1218
[24-Mar-2026 23:52:11 Asia/Kolkata] PHP Deprecated:  number_format(): Passing null to parameter #1 ($num) of type float is deprecated in /home/1971winbd/public_html/SHISHIR-ADMIN/index.php on line 1035
[24-Mar-2026 23:52:11 Asia/Kolkata] PHP Deprecated:  number_format(): Passing null to parameter #1 ($num) of type float is deprecated in /home/1971winbd/public_html/SHISHIR-ADMIN/index.php on line 1061
[24-Mar-2026 23:52:11 Asia/Kolkata] PHP Deprecated:  number_format(): Passing null to parameter #1 ($num) of type float is deprecated in /home/1971winbd/public_html/SHISHIR-ADMIN/index.php on line 1139
[24-Mar-2026 23:52:11 Asia/Kolkata] PHP Deprecated:  number_format(): Passing null to parameter #1 ($num) of type float is deprecated in /home/1971winbd/public_html/SHISHIR-ADMIN/index.php on line 1218
[24-Mar-2026 23:52:27 Asia/Kolkata] PHP Deprecated:  number_format(): Passing null to parameter #1 ($num) of type float is deprecated in /home/1971winbd/public_html/SHISHIR-ADMIN/index.php on line 1035
[24-Mar-2026 23:52:27 Asia/Kolkata] PHP Deprecated:  number_format(): Passing null to parameter #1 ($num) of type float is deprecated in /home/1971winbd/public_html/SHISHIR-ADMIN/index.php on line 1061
[24-Mar-2026 23:52:27 Asia/Kolkata] PHP Deprecated:  number_format(): Passing null to parameter #1 ($num) of type float is deprecated in /home/1971winbd/public_html/SHISHIR-ADMIN/index.php on line 1139
[24-Mar-2026 23:52:27 Asia/Kolkata] PHP Deprecated:  number_format(): Passing null to parameter #1 ($num) of type float is deprecated in /home/1971winbd/public_html/SHISHIR-ADMIN/index.php on line 1218
[25-Mar-2026 07:36:04 Asia/Kolkata] PHP Deprecated:  number_format(): Passing null to parameter #1 ($num) of type float is deprecated in /home/1971winbd/public_html/SHISHIR-ADMIN/index.php on line 1061
[25-Mar-2026 07:36:04 Asia/Kolkata] PHP Deprecated:  number_format(): Passing null to parameter #1 ($num) of type float is deprecated in /home/1971winbd/public_html/SHISHIR-ADMIN/index.php on line 1218
[26-Mar-2026 19:55:07 Asia/Kolkata] PHP Deprecated:  number_format(): Passing null to parameter #1 ($num) of type float is deprecated in /home/1971winbd/public_html/SHISHIR-ADMIN/index.php on line 1035
[26-Mar-2026 19:55:07 Asia/Kolkata] PHP Deprecated:  number_format(): Passing null to parameter #1 ($num) of type float is deprecated in /home/1971winbd/public_html/SHISHIR-ADMIN/index.php on line 1061
[26-Mar-2026 19:55:07 Asia/Kolkata] PHP Deprecated:  number_format(): Passing null to parameter #1 ($num) of type float is deprecated in /home/1971winbd/public_html/SHISHIR-ADMIN/index.php on line 1218
[29-Mar-2026 17:51:46 Asia/Kolkata] PHP Deprecated:  number_format(): Passing null to parameter #1 ($num) of type float is deprecated in /home/1971winbd/public_html/SHISHIR-ADMIN/index.php on line 1035
[29-Mar-2026 17:51:46 Asia/Kolkata] PHP Deprecated:  number_format(): Passing null to parameter #1 ($num) of type float is deprecated in /home/1971winbd/public_html/SHISHIR-ADMIN/index.php on line 1061
[29-Mar-2026 17:51:46 Asia/Kolkata] PHP Deprecated:  number_format(): Passing null to parameter #1 ($num) of type float is deprecated in /home/1971winbd/public_html/SHISHIR-ADMIN/index.php on line 1218
[29-Mar-2026 22:51:21 Asia/Kolkata] PHP Deprecated:  number_format(): Passing null to parameter #1 ($num) of type float is deprecated in /home/1971winbd/public_html/SHISHIR-ADMIN/index.php on line 1035
[29-Mar-2026 22:51:21 Asia/Kolkata] PHP Deprecated:  number_format(): Passing null to parameter #1 ($num) of type float is deprecated in /home/1971winbd/public_html/SHISHIR-ADMIN/index.php on line 1061
[29-Mar-2026 22:51:21 Asia/Kolkata] PHP Deprecated:  number_format(): Passing null to parameter #1 ($num) of type float is deprecated in /home/1971winbd/public_html/SHISHIR-ADMIN/index.php on line 1218
[29-Mar-2026 23:18:27 Asia/Kolkata] PHP Deprecated:  number_format(): Passing null to parameter #1 ($num) of type float is deprecated in /home/1971winbd/public_html/SHISHIR-ADMIN/index.php on line 1035
[29-Mar-2026 23:18:27 Asia/Kolkata] PHP Deprecated:  number_format(): Passing null to parameter #1 ($num) of type float is deprecated in /home/1971winbd/public_html/SHISHIR-ADMIN/index.php on line 1061
[29-Mar-2026 23:18:27 Asia/Kolkata] PHP Deprecated:  number_format(): Passing null to parameter #1 ($num) of type float is deprecated in /home/1971winbd/public_html/SHISHIR-ADMIN/index.php on line 1218
[31-Mar-2026 12:51:27 Asia/Kolkata] PHP Deprecated:  number_format(): Passing null to parameter #1 ($num) of type float is deprecated in /home/1971winbd/public_html/SHISHIR-ADMIN/index.php on line 1035
[31-Mar-2026 12:51:27 Asia/Kolkata] PHP Deprecated:  number_format(): Passing null to parameter #1 ($num) of type float is deprecated in /home/1971winbd/public_html/SHISHIR-ADMIN/index.php on line 1061
[31-Mar-2026 12:51:27 Asia/Kolkata] PHP Deprecated:  number_format(): Passing null to parameter #1 ($num) of type float is deprecated in /home/1971winbd/public_html/SHISHIR-ADMIN/index.php on line 1218
[31-Mar-2026 13:34:56 UTC] PHP Warning:  Undefined array key "unohs" in /home/1971winbd/public_html/SHISHIR-ADMIN/index.php on line 12
[31-Mar-2026 13:34:57 UTC] PHP Warning:  Undefined array key "unohs" in /home/1971winbd/public_html/SHISHIR-ADMIN/index.php on line 12
[31-Mar-2026 19:05:12 Asia/Kolkata] PHP Deprecated:  number_format(): Passing null to parameter #1 ($num) of type float is deprecated in /home/1971winbd/public_html/SHISHIR-ADMIN/index.php on line 1035
[31-Mar-2026 19:05:12 Asia/Kolkata] PHP Deprecated:  number_format(): Passing null to parameter #1 ($num) of type float is deprecated in /home/1971winbd/public_html/SHISHIR-ADMIN/index.php on line 1061
[31-Mar-2026 19:05:12 Asia/Kolkata] PHP Deprecated:  number_format(): Passing null to parameter #1 ($num) of type float is deprecated in /home/1971winbd/public_html/SHISHIR-ADMIN/index.php on line 1218
[31-Mar-2026 19:05:27 Asia/Kolkata] PHP Deprecated:  number_format(): Passing null to parameter #1 ($num) of type float is deprecated in /home/1971winbd/public_html/SHISHIR-ADMIN/index.php on line 1035
[31-Mar-2026 19:05:27 Asia/Kolkata] PHP Deprecated:  number_format(): Passing null to parameter #1 ($num) of type float is deprecated in /home/1971winbd/public_html/SHISHIR-ADMIN/index.php on line 1061
[31-Mar-2026 19:05:27 Asia/Kolkata] PHP Deprecated:  number_format(): Passing null to parameter #1 ($num) of type float is deprecated in /home/1971winbd/public_html/SHISHIR-ADMIN/index.php on line 1218
[22-Apr-2026 02:19:35 Asia/Kolkata] PHP Deprecated:  number_format(): Passing null to parameter #1 ($num) of type float is deprecated in /home/dpiniyeq/public_html/SHISHIR-ADMIN/index.php on line 1035
[22-Apr-2026 02:19:35 Asia/Kolkata] PHP Deprecated:  number_format(): Passing null to parameter #1 ($num) of type float is deprecated in /home/dpiniyeq/public_html/SHISHIR-ADMIN/index.php on line 1061
[22-Apr-2026 02:19:35 Asia/Kolkata] PHP Deprecated:  number_format(): Passing null to parameter #1 ($num) of type float is deprecated in /home/dpiniyeq/public_html/SHISHIR-ADMIN/index.php on line 1218
[26-Apr-2026 18:44:30 UTC] PHP Notice:  Undefined index: unohs in /home/dkwin26/public_html/SHISHIR-ADMIN/index.php on line 12
[27-Apr-2026 06:14:55 UTC] PHP Notice:  Undefined index: unohs in /home/dkwin26/public_html/RAKIB-ADMIN/index.php on line 12
[27-Apr-2026 08:34:21 UTC] PHP Notice:  Undefined index: unohs in /home/dkwin26/public_html/RAKIB-ADMIN/index.php on line 12
[28-Apr-2026 07:58:49 UTC] PHP Notice:  Undefined index: unohs in /home/dkwin26/public_html/RAKIB-ADMIN/index.php on line 12
[28-Apr-2026 09:26:14 UTC] PHP Notice:  Undefined index: unohs in /home/dkwin26/public_html/RAKIB-ADMIN/index.php on line 12
[28-Apr-2026 15:19:13 Asia/Kolkata] PHP Parse error:  syntax error, unexpected '}', expecting end of file in /home/dkwin26/public_html/RAKIB-ADMIN/layout-menu.php on line 1373
[28-Apr-2026 15:19:15 Asia/Kolkata] PHP Parse error:  syntax error, unexpected '}', expecting end of file in /home/dkwin26/public_html/RAKIB-ADMIN/layout-menu.php on line 1373
[28-Apr-2026 15:19:16 Asia/Kolkata] PHP Parse error:  syntax error, unexpected '}', expecting end of file in /home/dkwin26/public_html/RAKIB-ADMIN/layout-menu.php on line 1373
[28-Apr-2026 15:19:21 Asia/Kolkata] PHP Parse error:  syntax error, unexpected '}', expecting end of file in /home/dkwin26/public_html/RAKIB-ADMIN/layout-menu.php on line 1373
[28-Apr-2026 15:20:21 Asia/Kolkata] PHP Parse error:  syntax error, unexpected '<' in /home/dkwin26/public_html/RAKIB-ADMIN/layout-menu.php on line 595
[28-Apr-2026 15:20:32 Asia/Kolkata] PHP Parse error:  syntax error, unexpected end of file in /home/dkwin26/public_html/RAKIB-ADMIN/layout-menu.php on line 1342
[28-Apr-2026 15:24:27 Asia/Kolkata] PHP Notice:  Undefined index: Extra Future in /home/dkwin26/public_html/RAKIB-ADMIN/layout-menu.php on line 714
[28-Apr-2026 15:24:49 Asia/Kolkata] PHP Notice:  Undefined index: Extra Future in /home/dkwin26/public_html/RAKIB-ADMIN/layout-menu.php on line 714
[30-Apr-2026 19:29:53 PRC] PHP Notice:  Undefined index: unohs in /www/wwwroot/yaarwin21.site/RAKIB-ADMIN/index.php on line 12
[30-Apr-2026 23:52:42 PRC] PHP Notice:  Undefined index: unohs in /www/wwwroot/yaarwin21.site/adminab/index.php on line 12
[30-Apr-2026 23:53:13 PRC] PHP Notice:  Undefined index: unohs in /www/wwwroot/yaarwin21.site/adminab/index.php on line 12
[01-May-2026 03:28:13 PRC] PHP Notice:  Undefined index: unohs in /www/wwwroot/yaarwin21.site/adminab/index.php on line 12
[01-May-2026 03:28:18 PRC] PHP Notice:  Undefined index: unohs in /www/wwwroot/yaarwin21.site/adminab/index.php on line 12
[01-May-2026 03:30:17 PRC] PHP Notice:  Undefined index: unohs in /www/wwwroot/yaarwin21.site/adminab/index.php on line 12
[01-May-2026 18:30:57 PRC] PHP Notice:  Undefined index: unohs in /www/wwwroot/yaarwin21.site/adminab/index.php on line 12
[01-May-2026 18:31:02 PRC] PHP Notice:  Undefined index: unohs in /www/wwwroot/yaarwin21.site/adminab/index.php on line 12
[01-May-2026 20:57:19 PRC] PHP Notice:  Undefined index: unohs in /www/wwwroot/yaarwin21.site/adminab/index.php on line 12
[01-May-2026 20:57:29 PRC] PHP Notice:  Undefined index: unohs in /www/wwwroot/yaarwin21.site/adminab/index.php on line 12
[01-May-2026 20:57:43 PRC] PHP Notice:  Undefined index: unohs in /www/wwwroot/yaarwin21.site/adminab/index.php on line 12
[01-May-2026 20:58:07 PRC] PHP Notice:  Undefined index: unohs in /www/wwwroot/yaarwin21.site/adminab/index.php on line 12
[01-May-2026 21:00:00 PRC] PHP Notice:  Undefined index: unohs in /www/wwwroot/yaarwin21.site/adminab/index.php on line 12
[01-May-2026 21:07:14 PRC] PHP Notice:  Undefined index: unohs in /www/wwwroot/yaarwin21.site/adminab/index.php on line 12
[01-May-2026 21:10:28 PRC] PHP Notice:  Undefined index: unohs in /www/wwwroot/yaarwin21.site/adminab/index.php on line 12
[01-May-2026 23:16:41 PRC] PHP Notice:  Undefined index: unohs in /www/wwwroot/itzrakibadmin.xyz/kzzmxorp_kartik001king/adminab/index.php on line 12
[01-May-2026 23:18:20 PRC] PHP Notice:  Undefined index: unohs in /www/wwwroot/itzrakibadmin.xyz/kzzmxorp_kartik001king/adminab/index.php on line 12
[02-May-2026 17:56:21 PRC] PHP Notice:  Undefined index: unohs in /www/wwwroot/itzrakibadmin.xyz/kzzmxorp_kartik001king/adminab/index.php on line 12
[02-May-2026 18:39:14 PRC] PHP Notice:  Undefined index: unohs in /www/wwwroot/itzrakibadmin.xyz/kzzmxorp_kartik001king/adminab/index.php on line 12
[03-May-2026 20:35:19 PRC] PHP Notice:  Undefined index: unohs in /www/wwwroot/itzrakibadmin.xyz/kzzmxorp_kartik001king/adminab/index.php on line 12
[03-May-2026 23:55:27 PRC] PHP Notice:  Undefined index: unohs in /www/wwwroot/itzrakibadmin.xyz/kzzmxorp_kartik001king/adminab/index.php on line 12
[04-May-2026 12:08:48 PRC] PHP Notice:  Undefined index: unohs in /www/wwwroot/itzrakibadmin.xyz/kzzmxorp_kartik001king/adminab/index.php on line 12
[06-May-2026 17:26:53 PRC] PHP Notice:  Undefined index: unohs in /www/wwwroot/itzrakibadmin.xyz/kzzmxorp_kartik001king/adminab/index.php on line 12
[12-May-2026 02:25:09 PRC] PHP Notice:  Undefined index: unohs in /www/wwwroot/gtxbd999.cyou/adminab/index.php on line 12
[12-May-2026 02:26:03 PRC] PHP Notice:  Undefined index: unohs in /www/wwwroot/gtxbd999.cyou/adminab/index.php on line 12
[12-May-2026 02:26:17 PRC] PHP Notice:  Undefined index: unohs in /www/wwwroot/gtxbd999.cyou/adminab/index.php on line 12
[12-May-2026 02:26:39 PRC] PHP Notice:  Undefined index: unohs in /www/wwwroot/gtxbd999.cyou/adminab/index.php on line 12
[12-May-2026 02:26:49 PRC] PHP Notice:  Undefined index: unohs in /www/wwwroot/gtxbd999.cyou/adminab/index.php on line 12
[12-May-2026 02:26:58 PRC] PHP Notice:  Undefined index: unohs in /www/wwwroot/gtxbd999.cyou/adminab/index.php on line 12
[12-May-2026 02:32:34 PRC] PHP Notice:  Undefined index: unohs in /www/wwwroot/gtxbd999.cyou/adminab/index.php on line 12
[12-May-2026 02:33:35 PRC] PHP Notice:  Undefined index: unohs in /www/wwwroot/gtxbd999.cyou/adminab/index.php on line 12
[12-May-2026 02:35:37 PRC] PHP Notice:  Undefined index: unohs in /www/wwwroot/gtxbd999.cyou/adminab/index.php on line 12
[12-May-2026 02:36:06 PRC] PHP Notice:  Undefined index: unohs in /www/wwwroot/gtxbd999.cyou/adminab/index.php on line 12
[12-May-2026 02:36:21 PRC] PHP Notice:  Undefined index: unohs in /www/wwwroot/gtxbd999.cyou/adminab/index.php on line 12
[12-May-2026 02:36:56 PRC] PHP Notice:  Undefined index: unohs in /www/wwwroot/gtxbd999.cyou/adminab/index.php on line 12
[12-May-2026 02:37:07 PRC] PHP Notice:  Undefined index: unohs in /www/wwwroot/gtxbd999.cyou/adminab/index.php on line 12
[12-May-2026 02:37:24 PRC] PHP Notice:  Undefined index: unohs in /www/wwwroot/gtxbd999.cyou/adminab/index.php on line 12
[12-May-2026 02:37:27 PRC] PHP Notice:  Undefined index: unohs in /www/wwwroot/gtxbd999.cyou/adminab/index.php on line 12
[12-May-2026 02:38:10 PRC] PHP Notice:  Undefined index: unohs in /www/wwwroot/gtxbd999.cyou/adminab/index.php on line 12
[12-May-2026 02:38:35 PRC] PHP Notice:  Undefined index: unohs in /www/wwwroot/gtxbd999.cyou/adminab/index.php on line 12
[12-May-2026 02:38:53 PRC] PHP Notice:  Undefined index: unohs in /www/wwwroot/gtxbd999.cyou/adminab/index.php on line 12
[12-May-2026 02:38:54 PRC] PHP Notice:  Undefined index: unohs in /www/wwwroot/gtxbd999.cyou/adminab/index.php on line 12
[12-May-2026 02:38:54 PRC] PHP Notice:  Undefined index: unohs in /www/wwwroot/gtxbd999.cyou/adminab/index.php on line 12
[12-May-2026 02:38:55 PRC] PHP Notice:  Undefined index: unohs in /www/wwwroot/gtxbd999.cyou/adminab/index.php on line 12
[12-May-2026 02:39:09 PRC] PHP Notice:  Undefined index: unohs in /www/wwwroot/gtxbd999.cyou/adminab/index.php on line 12
[12-May-2026 02:40:16 PRC] PHP Notice:  Undefined index: unohs in /www/wwwroot/gtxbd999.cyou/adminab/index.php on line 12
[12-May-2026 02:40:21 PRC] PHP Notice:  Undefined index: unohs in /www/wwwroot/gtxbd999.cyou/adminab/index.php on line 12
[12-May-2026 02:40:39 PRC] PHP Notice:  Undefined index: unohs in /www/wwwroot/gtxbd999.cyou/adminab/index.php on line 12
[12-May-2026 02:40:54 PRC] PHP Notice:  Undefined index: unohs in /www/wwwroot/gtxbd999.cyou/adminab/index.php on line 12
[12-May-2026 02:41:08 PRC] PHP Notice:  Undefined index: unohs in /www/wwwroot/gtxbd999.cyou/adminab/index.php on line 12
[12-May-2026 02:41:43 PRC] PHP Notice:  Undefined index: unohs in /www/wwwroot/gtxbd999.cyou/adminab/index.php on line 12
[12-May-2026 02:41:54 PRC] PHP Notice:  Undefined index: unohs in /www/wwwroot/gtxbd999.cyou/adminab/index.php on line 12
[12-May-2026 02:45:36 PRC] PHP Notice:  Undefined index: unohs in /www/wwwroot/gtxbd999.cyou/adminab/index.php on line 12
[12-May-2026 02:50:27 PRC] PHP Notice:  Undefined index: unohs in /www/wwwroot/gtxbd999.cyou/adminab/index.php on line 12
[12-May-2026 02:50:54 PRC] PHP Notice:  Undefined index: unohs in /www/wwwroot/gtxbd999.cyou/adminab/index.php on line 12
[12-May-2026 03:04:24 PRC] PHP Notice:  Undefined index: unohs in /www/wwwroot/gtxbd999.cyou/adminab/index.php on line 12
[12-May-2026 03:04:31 PRC] PHP Notice:  Undefined index: unohs in /www/wwwroot/gtxbd999.cyou/adminab/index.php on line 12
[12-May-2026 03:11:10 PRC] PHP Notice:  Undefined index: unohs in /www/wwwroot/gtxbd999.cyou/adminab/index.php on line 12
[12-May-2026 03:41:02 PRC] PHP Notice:  Undefined index: unohs in /www/wwwroot/gtxbd999.cyou/adminab/index.php on line 12
[12-May-2026 04:02:52 PRC] PHP Notice:  Undefined index: unohs in /www/wwwroot/gtxbd999.cyou/adminab/index.php on line 12
[12-May-2026 04:03:01 PRC] PHP Notice:  Undefined index: unohs in /www/wwwroot/gtxbd999.cyou/adminab/index.php on line 12
[12-May-2026 04:03:10 PRC] PHP Notice:  Undefined index: unohs in /www/wwwroot/gtxbd999.cyou/adminab/index.php on line 12
[12-May-2026 04:03:36 PRC] PHP Notice:  Undefined index: unohs in /www/wwwroot/gtxbd999.cyou/adminab/index.php on line 12
[12-May-2026 04:32:48 PRC] PHP Notice:  Undefined index: unohs in /www/wwwroot/gtxbd999.cyou/adminab/index.php on line 12
[12-May-2026 05:07:26 PRC] PHP Notice:  Undefined index: unohs in /www/wwwroot/gtxbd999.cyou/adminab/index.php on line 12
[12-May-2026 05:07:42 PRC] PHP Notice:  Undefined index: unohs in /www/wwwroot/gtxbd999.cyou/adminab/index.php on line 12
[12-May-2026 05:08:40 PRC] PHP Notice:  Undefined index: unohs in /www/wwwroot/gtxbd999.cyou/adminab/index.php on line 12
[12-May-2026 05:30:18 PRC] PHP Notice:  Undefined index: unohs in /www/wwwroot/gtxbd999.cyou/adminab/index.php on line 12
[12-May-2026 06:49:14 PRC] PHP Notice:  Undefined index: unohs in /www/wwwroot/gtxbd999.cyou/adminab/index.php on line 12
[12-May-2026 06:49:54 PRC] PHP Notice:  Undefined index: unohs in /www/wwwroot/gtxbd999.cyou/adminab/index.php on line 12
[12-May-2026 07:02:53 PRC] PHP Notice:  Undefined index: unohs in /www/wwwroot/gtxbd999.cyou/adminab/index.php on line 12
[12-May-2026 07:20:30 PRC] PHP Notice:  Undefined index: unohs in /www/wwwroot/gtxbd999.cyou/adminab/index.php on line 12
[12-May-2026 07:21:49 PRC] PHP Notice:  Undefined index: unohs in /www/wwwroot/gtxbd999.cyou/adminab/index.php on line 12
[12-May-2026 07:22:17 PRC] PHP Notice:  Undefined index: unohs in /www/wwwroot/gtxbd999.cyou/adminab/index.php on line 12
[12-May-2026 07:42:13 PRC] PHP Notice:  Undefined index: unohs in /www/wwwroot/gtxbd999.cyou/adminab/index.php on line 12
[12-May-2026 08:10:58 PRC] PHP Notice:  Undefined index: unohs in /www/wwwroot/gtxbd999.cyou/adminab/index.php on line 12
[12-May-2026 08:16:58 PRC] PHP Notice:  Undefined index: unohs in /www/wwwroot/gtxbd999.cyou/adminab/index.php on line 12
[12-May-2026 08:34:30 PRC] PHP Notice:  Undefined index: unohs in /www/wwwroot/gtxbd999.cyou/adminab/index.php on line 12
[12-May-2026 08:35:06 PRC] PHP Notice:  Undefined index: unohs in /www/wwwroot/gtxbd999.cyou/adminab/index.php on line 12
[12-May-2026 08:44:23 PRC] PHP Notice:  Undefined index: unohs in /www/wwwroot/gtxbd999.cyou/adminab/index.php on line 12
[12-May-2026 09:06:30 PRC] PHP Notice:  Undefined index: unohs in /www/wwwroot/gtxbd999.cyou/adminab/index.php on line 12
[12-May-2026 09:21:53 PRC] PHP Notice:  Undefined index: unohs in /www/wwwroot/gtxbd999.cyou/adminab/index.php on line 12
[12-May-2026 09:22:25 PRC] PHP Notice:  Undefined index: unohs in /www/wwwroot/gtxbd999.cyou/adminab/index.php on line 12
[12-May-2026 09:22:32 PRC] PHP Notice:  Undefined index: unohs in /www/wwwroot/gtxbd999.cyou/adminab/index.php on line 12
[12-May-2026 10:29:09 PRC] PHP Notice:  Undefined index: unohs in /www/wwwroot/gtxbd999.cyou/adminab/index.php on line 12
[12-May-2026 10:31:25 PRC] PHP Notice:  Undefined index: unohs in /www/wwwroot/gtxbd999.cyou/adminab/index.php on line 12
[12-May-2026 10:36:42 PRC] PHP Notice:  Undefined index: unohs in /www/wwwroot/gtxbd999.cyou/adminab/index.php on line 12
[12-May-2026 10:40:57 PRC] PHP Notice:  Undefined index: unohs in /www/wwwroot/gtxbd999.cyou/adminab/index.php on line 12
[12-May-2026 10:41:08 PRC] PHP Notice:  Undefined index: unohs in /www/wwwroot/gtxbd999.cyou/adminab/index.php on line 12
[12-May-2026 10:50:19 PRC] PHP Notice:  Undefined index: unohs in /www/wwwroot/gtxbd999.cyou/adminab/index.php on line 12
[12-May-2026 11:27:32 PRC] PHP Notice:  Undefined index: unohs in /www/wwwroot/gtxbd999.cyou/adminab/index.php on line 12
[12-May-2026 11:27:49 PRC] PHP Notice:  Undefined index: unohs in /www/wwwroot/gtxbd999.cyou/adminab/index.php on line 12
[12-May-2026 11:33:39 PRC] PHP Notice:  Undefined index: unohs in /www/wwwroot/gtxbd999.cyou/adminab/index.php on line 12
[12-May-2026 11:42:09 PRC] PHP Notice:  Undefined index: unohs in /www/wwwroot/gtxbd999.cyou/adminab/index.php on line 12
[12-May-2026 11:53:35 PRC] PHP Notice:  Undefined index: unohs in /www/wwwroot/gtxbd999.cyou/adminab/index.php on line 12
[12-May-2026 12:24:53 PRC] PHP Notice:  Undefined index: unohs in /www/wwwroot/gtxbd999.cyou/adminab/index.php on line 12
[12-May-2026 12:25:14 PRC] PHP Notice:  Undefined index: unohs in /www/wwwroot/gtxbd999.cyou/adminab/index.php on line 12
[12-May-2026 12:27:04 PRC] PHP Notice:  Undefined index: unohs in /www/wwwroot/gtxbd999.cyou/adminab/index.php on line 12
[12-May-2026 12:27:47 PRC] PHP Notice:  Undefined index: unohs in /www/wwwroot/gtxbd999.cyou/adminab/index.php on line 12
[12-May-2026 12:28:29 PRC] PHP Notice:  Undefined index: unohs in /www/wwwroot/gtxbd999.cyou/adminab/index.php on line 12
[12-May-2026 12:42:32 PRC] PHP Notice:  Undefined index: unohs in /www/wwwroot/gtxbd999.cyou/adminab/index.php on line 12
[12-May-2026 12:42:41 PRC] PHP Notice:  Undefined index: unohs in /www/wwwroot/gtxbd999.cyou/adminab/index.php on line 12
[12-May-2026 13:19:29 PRC] PHP Notice:  Undefined index: unohs in /www/wwwroot/gtxbd999.cyou/adminab/index.php on line 12
[12-May-2026 13:43:39 PRC] PHP Notice:  Undefined index: unohs in /www/wwwroot/gtxbd999.cyou/adminab/index.php on line 12
[12-May-2026 13:46:07 PRC] PHP Notice:  Undefined index: unohs in /www/wwwroot/gtxbd999.cyou/adminab/index.php on line 12
[12-May-2026 13:48:26 PRC] PHP Notice:  Undefined index: unohs in /www/wwwroot/gtxbd999.cyou/adminab/index.php on line 12
[12-May-2026 14:14:45 PRC] PHP Notice:  Undefined index: unohs in /www/wwwroot/gtxbd999.cyou/adminab/index.php on line 12
[12-May-2026 14:24:39 PRC] PHP Notice:  Undefined index: unohs in /www/wwwroot/gtxbd999.cyou/adminab/index.php on line 12
[12-May-2026 15:12:32 PRC] PHP Notice:  Undefined index: unohs in /www/wwwroot/gtxbd999.cyou/adminab/index.php on line 12
[12-May-2026 15:44:32 PRC] PHP Notice:  Undefined index: unohs in /www/wwwroot/gtxbd999.cyou/adminab/index.php on line 12
[12-May-2026 16:18:29 PRC] PHP Notice:  Undefined index: unohs in /www/wwwroot/gtxbd999.cyou/adminab/index.php on line 12
[12-May-2026 16:38:12 PRC] PHP Notice:  Undefined index: unohs in /www/wwwroot/gtxbd999.cyou/adminab/index.php on line 12
[12-May-2026 16:38:16 PRC] PHP Notice:  Undefined index: unohs in /www/wwwroot/gtxbd999.cyou/adminab/index.php on line 12
[12-May-2026 16:49:25 PRC] PHP Notice:  Undefined index: unohs in /www/wwwroot/gtxbd999.cyou/adminab/index.php on line 12
[12-May-2026 16:49:51 PRC] PHP Notice:  Undefined index: unohs in /www/wwwroot/gtxbd999.cyou/adminab/index.php on line 12
[12-May-2026 17:00:36 PRC] PHP Notice:  Undefined index: unohs in /www/wwwroot/gtxbd999.cyou/adminab/index.php on line 12
[12-May-2026 17:38:58 PRC] PHP Notice:  Undefined index: unohs in /www/wwwroot/gtxbd999.cyou/adminab/index.php on line 12
[12-May-2026 18:52:52 PRC] PHP Notice:  Undefined index: unohs in /www/wwwroot/gtxbd999.cyou/adminab/index.php on line 12
[12-May-2026 18:55:25 PRC] PHP Notice:  Undefined index: unohs in /www/wwwroot/gtxbd999.cyou/adminab/index.php on line 12
[13-May-2026 01:25:44 PRC] PHP Notice:  Undefined index: unohs in /www/wwwroot/tigroclub0.com/adminab/index.php on line 12
[13-May-2026 03:46:52 PRC] PHP Notice:  Undefined index: unohs in /www/wwwroot/tigroclub0.com/adminab/index.php on line 12
[13-May-2026 15:51:46 PRC] PHP Notice:  Undefined index: unohs in /www/wwwroot/tigroclub0.com/adminab/index.php on line 12
[13-May-2026 21:58:41 PRC] PHP Notice:  Undefined index: unohs in /www/wwwroot/tigroclub0.com/adminab/index.php on line 12
[13-May-2026 23:45:12 PRC] PHP Notice:  Undefined index: unohs in /www/wwwroot/tigroclub0.com/adminab/index.php on line 12
[13-May-2026 23:56:23 PRC] PHP Notice:  Undefined index: unohs in /www/wwwroot/tigroclub0.com/adminab/index.php on line 12
[14-May-2026 00:00:31 PRC] PHP Notice:  Undefined index: unohs in /www/wwwroot/tigroclub0.com/adminab/index.php on line 12
[14-May-2026 00:01:20 PRC] PHP Notice:  Undefined index: unohs in /www/wwwroot/tigroclub0.com/adminab/index.php on line 12
[14-May-2026 04:22:46 PRC] PHP Notice:  Undefined index: unohs in /www/wwwroot/kzzmxorp_kartik001.com/adminab/index.php on line 12
[14-May-2026 21:21:12 PRC] PHP Notice:  Undefined index: unohs in /www/wwwroot/kzzmxorp_kartik001.com/adminab/index.php on line 12
[14-May-2026 23:54:04 PRC] PHP Notice:  Undefined index: unohs in /www/wwwroot/kzzmxorp_kartik001.com/adminab/index.php on line 12
[15-May-2026 01:03:47 PRC] PHP Notice:  Undefined index: unohs in /www/wwwroot/kzzmxorp_kartik001.com/adminab/index.php on line 12
[15-May-2026 02:14:16 PRC] PHP Notice:  Undefined index: unohs in /www/wwwroot/kzzmxorp_kartik001.com/adminab/index.php on line 12
[15-May-2026 02:59:42 PRC] PHP Notice:  Undefined index: unohs in /www/wwwroot/kzzmxorp_kartik001.com/adminab/index.php on line 12
[15-May-2026 16:44:04 PRC] PHP Notice:  Undefined index: unohs in /www/wwwroot/kzzmxorp_kartik001.com/adminab/index.php on line 12
[15-May-2026 18:05:52 PRC] PHP Notice:  Undefined index: unohs in /www/wwwroot/kzzmxorp_kartik001.com/adminab/index.php on line 12
[15-May-2026 18:05:57 PRC] PHP Notice:  Undefined index: unohs in /www/wwwroot/kzzmxorp_kartik001.com/adminab/index.php on line 12
[15-May-2026 18:46:54 PRC] PHP Notice:  Undefined index: unohs in /www/wwwroot/kzzmxorp_kartik001.com/adminab/index.php on line 12
[15-May-2026 19:03:11 PRC] PHP Notice:  Undefined index: unohs in /www/wwwroot/kzzmxorp_kartik001.com/adminab/index.php on line 12
[15-May-2026 19:12:17 PRC] PHP Notice:  Undefined index: unohs in /www/wwwroot/kzzmxorp_kartik001.com/adminab/index.php on line 12
[15-May-2026 19:12:43 PRC] PHP Notice:  Undefined index: unohs in /www/wwwroot/kzzmxorp_kartik001.com/adminab/index.php on line 12
[15-May-2026 19:12:47 PRC] PHP Notice:  Undefined index: unohs in /www/wwwroot/kzzmxorp_kartik001.com/adminab/index.php on line 12
[15-May-2026 19:46:38 PRC] PHP Notice:  Undefined index: unohs in /www/wwwroot/kzzmxorp_kartik001.com/adminab/index.php on line 12
[15-May-2026 19:47:22 PRC] PHP Notice:  Undefined index: unohs in /www/wwwroot/kzzmxorp_kartik001.com/adminab/index.php on line 12
[15-May-2026 20:06:37 PRC] PHP Notice:  Undefined index: unohs in /www/wwwroot/kzzmxorp_kartik001.com/adminab/index.php on line 12
[15-May-2026 20:06:41 PRC] PHP Notice:  Undefined index: unohs in /www/wwwroot/kzzmxorp_kartik001.com/adminab/index.php on line 12
[15-May-2026 20:09:53 PRC] PHP Notice:  Undefined index: unohs in /www/wwwroot/kzzmxorp_kartik001.com/adminab/index.php on line 12
[15-May-2026 20:14:00 PRC] PHP Notice:  Undefined index: unohs in /www/wwwroot/kzzmxorp_kartik001.com/adminab/index.php on line 12
[15-May-2026 17:44:20 Asia/Kolkata] PHP Notice:  session_start(): A session had already been started - ignoring in /www/wwwroot/kzzmxorp_kartik001.com/adminab/layout-menu.php on line 2
[15-May-2026 17:44:20 Asia/Kolkata] PHP Fatal error:  Cannot redeclare DB() (previously declared in /www/wwwroot/kzzmxorp_kartik001.com/adminab/api/conn.php:23) in /www/wwwroot/kzzmxorp_kartik001.com/adminab/conn.php on line 21
[15-May-2026 17:56:05 Asia/Kolkata] PHP Notice:  session_start(): A session had already been started - ignoring in /www/wwwroot/kzzmxorp_kartik001.com/adminab/layout-menu.php on line 2
[15-May-2026 17:56:05 Asia/Kolkata] PHP Fatal error:  Cannot redeclare DB() (previously declared in /www/wwwroot/kzzmxorp_kartik001.com/adminab/api/conn.php:23) in /www/wwwroot/kzzmxorp_kartik001.com/adminab/conn.php on line 21
[15-May-2026 17:56:17 Asia/Kolkata] PHP Notice:  session_start(): A session had already been started - ignoring in /www/wwwroot/kzzmxorp_kartik001.com/adminab/layout-menu.php on line 2
[15-May-2026 17:56:17 Asia/Kolkata] PHP Fatal error:  Cannot redeclare DB() (previously declared in /www/wwwroot/kzzmxorp_kartik001.com/adminab/api/conn.php:23) in /www/wwwroot/kzzmxorp_kartik001.com/adminab/conn.php on line 21
[15-May-2026 17:56:19 Asia/Kolkata] PHP Notice:  session_start(): A session had already been started - ignoring in /www/wwwroot/kzzmxorp_kartik001.com/adminab/layout-menu.php on line 2
[15-May-2026 17:56:19 Asia/Kolkata] PHP Fatal error:  Cannot redeclare DB() (previously declared in /www/wwwroot/kzzmxorp_kartik001.com/adminab/api/conn.php:23) in /www/wwwroot/kzzmxorp_kartik001.com/adminab/conn.php on line 21
[15-May-2026 17:56:25 Asia/Kolkata] PHP Notice:  session_start(): A session had already been started - ignoring in /www/wwwroot/kzzmxorp_kartik001.com/adminab/layout-menu.php on line 2
[15-May-2026 17:56:25 Asia/Kolkata] PHP Fatal error:  Cannot redeclare DB() (previously declared in /www/wwwroot/kzzmxorp_kartik001.com/adminab/api/conn.php:23) in /www/wwwroot/kzzmxorp_kartik001.com/adminab/conn.php on line 21
[15-May-2026 17:56:30 Asia/Kolkata] PHP Notice:  session_start(): A session had already been started - ignoring in /www/wwwroot/kzzmxorp_kartik001.com/adminab/layout-menu.php on line 2
[15-May-2026 17:56:30 Asia/Kolkata] PHP Fatal error:  Cannot redeclare DB() (previously declared in /www/wwwroot/kzzmxorp_kartik001.com/adminab/api/conn.php:23) in /www/wwwroot/kzzmxorp_kartik001.com/adminab/conn.php on line 21
[15-May-2026 17:56:30 Asia/Kolkata] PHP Notice:  session_start(): A session had already been started - ignoring in /www/wwwroot/kzzmxorp_kartik001.com/adminab/layout-menu.php on line 2
[15-May-2026 17:56:30 Asia/Kolkata] PHP Fatal error:  Cannot redeclare DB() (previously declared in /www/wwwroot/kzzmxorp_kartik001.com/adminab/api/conn.php:23) in /www/wwwroot/kzzmxorp_kartik001.com/adminab/conn.php on line 21
[15-May-2026 17:56:34 Asia/Kolkata] PHP Notice:  session_start(): A session had already been started - ignoring in /www/wwwroot/kzzmxorp_kartik001.com/adminab/layout-menu.php on line 2
[15-May-2026 17:56:34 Asia/Kolkata] PHP Fatal error:  Cannot redeclare DB() (previously declared in /www/wwwroot/kzzmxorp_kartik001.com/adminab/api/conn.php:23) in /www/wwwroot/kzzmxorp_kartik001.com/adminab/conn.php on line 21
[15-May-2026 17:56:52 Asia/Kolkata] PHP Notice:  session_start(): A session had already been started - ignoring in /www/wwwroot/kzzmxorp_kartik001.com/adminab/layout-menu.php on line 2
[15-May-2026 17:56:52 Asia/Kolkata] PHP Fatal error:  Cannot redeclare DB() (previously declared in /www/wwwroot/kzzmxorp_kartik001.com/adminab/api/conn.php:23) in /www/wwwroot/kzzmxorp_kartik001.com/adminab/conn.php on line 21
[15-May-2026 17:56:52 Asia/Kolkata] PHP Notice:  session_start(): A session had already been started - ignoring in /www/wwwroot/kzzmxorp_kartik001.com/adminab/layout-menu.php on line 2
[15-May-2026 17:56:52 Asia/Kolkata] PHP Fatal error:  Cannot redeclare DB() (previously declared in /www/wwwroot/kzzmxorp_kartik001.com/adminab/api/conn.php:23) in /www/wwwroot/kzzmxorp_kartik001.com/adminab/conn.php on line 21
[15-May-2026 17:57:03 Asia/Kolkata] PHP Notice:  session_start(): A session had already been started - ignoring in /www/wwwroot/kzzmxorp_kartik001.com/adminab/layout-menu.php on line 2
[15-May-2026 17:57:03 Asia/Kolkata] PHP Fatal error:  Cannot redeclare DB() (previously declared in /www/wwwroot/kzzmxorp_kartik001.com/adminab/api/conn.php:23) in /www/wwwroot/kzzmxorp_kartik001.com/adminab/conn.php on line 21
[15-May-2026 17:57:06 Asia/Kolkata] PHP Notice:  session_start(): A session had already been started - ignoring in /www/wwwroot/kzzmxorp_kartik001.com/adminab/layout-menu.php on line 2
[15-May-2026 17:57:06 Asia/Kolkata] PHP Fatal error:  Cannot redeclare DB() (previously declared in /www/wwwroot/kzzmxorp_kartik001.com/adminab/api/conn.php:23) in /www/wwwroot/kzzmxorp_kartik001.com/adminab/conn.php on line 21
[15-May-2026 17:57:07 Asia/Kolkata] PHP Notice:  session_start(): A session had already been started - ignoring in /www/wwwroot/kzzmxorp_kartik001.com/adminab/layout-menu.php on line 2
[15-May-2026 17:57:07 Asia/Kolkata] PHP Fatal error:  Cannot redeclare DB() (previously declared in /www/wwwroot/kzzmxorp_kartik001.com/adminab/api/conn.php:23) in /www/wwwroot/kzzmxorp_kartik001.com/adminab/conn.php on line 21
[15-May-2026 17:57:28 Asia/Kolkata] PHP Notice:  session_start(): A session had already been started - ignoring in /www/wwwroot/kzzmxorp_kartik001.com/adminab/layout-menu.php on line 2
[15-May-2026 17:57:28 Asia/Kolkata] PHP Fatal error:  Cannot redeclare DB() (previously declared in /www/wwwroot/kzzmxorp_kartik001.com/adminab/api/conn.php:23) in /www/wwwroot/kzzmxorp_kartik001.com/adminab/conn.php on line 21
[15-May-2026 17:57:38 Asia/Kolkata] PHP Notice:  session_start(): A session had already been started - ignoring in /www/wwwroot/kzzmxorp_kartik001.com/adminab/layout-menu.php on line 2
[15-May-2026 17:57:38 Asia/Kolkata] PHP Fatal error:  Cannot redeclare DB() (previously declared in /www/wwwroot/kzzmxorp_kartik001.com/adminab/api/conn.php:23) in /www/wwwroot/kzzmxorp_kartik001.com/adminab/conn.php on line 21
[15-May-2026 20:27:38 PRC] PHP Notice:  Undefined index: unohs in /www/wwwroot/kzzmxorp_kartik001.com/adminab/index.php on line 12
[15-May-2026 20:28:57 PRC] PHP Notice:  Undefined index: unohs in /www/wwwroot/kzzmxorp_kartik001.com/adminab/index.php on line 12
[15-May-2026 17:59:11 Asia/Kolkata] PHP Notice:  session_start(): A session had already been started - ignoring in /www/wwwroot/kzzmxorp_kartik001.com/adminab/layout-menu.php on line 2
[15-May-2026 17:59:11 Asia/Kolkata] PHP Fatal error:  Cannot redeclare DB() (previously declared in /www/wwwroot/kzzmxorp_kartik001.com/adminab/api/conn.php:23) in /www/wwwroot/kzzmxorp_kartik001.com/adminab/conn.php on line 21
[15-May-2026 17:59:16 Asia/Kolkata] PHP Notice:  session_start(): A session had already been started - ignoring in /www/wwwroot/kzzmxorp_kartik001.com/adminab/layout-menu.php on line 2
[15-May-2026 17:59:16 Asia/Kolkata] PHP Fatal error:  Cannot redeclare DB() (previously declared in /www/wwwroot/kzzmxorp_kartik001.com/adminab/api/conn.php:23) in /www/wwwroot/kzzmxorp_kartik001.com/adminab/conn.php on line 21
[15-May-2026 17:59:17 Asia/Kolkata] PHP Notice:  session_start(): A session had already been started - ignoring in /www/wwwroot/kzzmxorp_kartik001.com/adminab/layout-menu.php on line 2
[15-May-2026 17:59:17 Asia/Kolkata] PHP Fatal error:  Cannot redeclare DB() (previously declared in /www/wwwroot/kzzmxorp_kartik001.com/adminab/api/conn.php:23) in /www/wwwroot/kzzmxorp_kartik001.com/adminab/conn.php on line 21
[15-May-2026 17:59:18 Asia/Kolkata] PHP Notice:  session_start(): A session had already been started - ignoring in /www/wwwroot/kzzmxorp_kartik001.com/adminab/layout-menu.php on line 2
[15-May-2026 17:59:18 Asia/Kolkata] PHP Fatal error:  Cannot redeclare DB() (previously declared in /www/wwwroot/kzzmxorp_kartik001.com/adminab/api/conn.php:23) in /www/wwwroot/kzzmxorp_kartik001.com/adminab/conn.php on line 21
[15-May-2026 17:59:34 Asia/Kolkata] PHP Notice:  session_start(): A session had already been started - ignoring in /www/wwwroot/kzzmxorp_kartik001.com/adminab/layout-menu.php on line 2
[15-May-2026 17:59:34 Asia/Kolkata] PHP Fatal error:  Cannot redeclare DB() (previously declared in /www/wwwroot/kzzmxorp_kartik001.com/adminab/api/conn.php:23) in /www/wwwroot/kzzmxorp_kartik001.com/adminab/conn.php on line 21
[15-May-2026 20:29:52 PRC] PHP Notice:  Undefined index: unohs in /www/wwwroot/kzzmxorp_kartik001.com/adminab/index.php on line 12
[15-May-2026 18:00:22 Asia/Kolkata] PHP Notice:  session_start(): A session had already been started - ignoring in /www/wwwroot/kzzmxorp_kartik001.com/adminab/layout-menu.php on line 2
[15-May-2026 18:00:22 Asia/Kolkata] PHP Fatal error:  Cannot redeclare DB() (previously declared in /www/wwwroot/kzzmxorp_kartik001.com/adminab/api/conn.php:23) in /www/wwwroot/kzzmxorp_kartik001.com/adminab/conn.php on line 21
[15-May-2026 18:00:34 Asia/Kolkata] PHP Notice:  session_start(): A session had already been started - ignoring in /www/wwwroot/kzzmxorp_kartik001.com/adminab/layout-menu.php on line 2
[15-May-2026 18:00:34 Asia/Kolkata] PHP Fatal error:  Cannot redeclare DB() (previously declared in /www/wwwroot/kzzmxorp_kartik001.com/adminab/api/conn.php:23) in /www/wwwroot/kzzmxorp_kartik001.com/adminab/conn.php on line 21
[15-May-2026 18:00:58 Asia/Kolkata] PHP Notice:  session_start(): A session had already been started - ignoring in /www/wwwroot/kzzmxorp_kartik001.com/adminab/layout-menu.php on line 2
[15-May-2026 18:00:58 Asia/Kolkata] PHP Fatal error:  Cannot redeclare DB() (previously declared in /www/wwwroot/kzzmxorp_kartik001.com/adminab/api/conn.php:23) in /www/wwwroot/kzzmxorp_kartik001.com/adminab/conn.php on line 21
[15-May-2026 18:01:07 Asia/Kolkata] PHP Notice:  session_start(): A session had already been started - ignoring in /www/wwwroot/kzzmxorp_kartik001.com/adminab/layout-menu.php on line 2
[15-May-2026 18:01:07 Asia/Kolkata] PHP Fatal error:  Cannot redeclare DB() (previously declared in /www/wwwroot/kzzmxorp_kartik001.com/adminab/api/conn.php:23) in /www/wwwroot/kzzmxorp_kartik001.com/adminab/conn.php on line 21
[15-May-2026 18:01:18 Asia/Kolkata] PHP Notice:  session_start(): A session had already been started - ignoring in /www/wwwroot/kzzmxorp_kartik001.com/adminab/layout-menu.php on line 2
[15-May-2026 18:01:18 Asia/Kolkata] PHP Fatal error:  Cannot redeclare DB() (previously declared in /www/wwwroot/kzzmxorp_kartik001.com/adminab/api/conn.php:23) in /www/wwwroot/kzzmxorp_kartik001.com/adminab/conn.php on line 21
[15-May-2026 18:01:22 Asia/Kolkata] PHP Notice:  session_start(): A session had already been started - ignoring in /www/wwwroot/kzzmxorp_kartik001.com/adminab/layout-menu.php on line 2
[15-May-2026 18:01:22 Asia/Kolkata] PHP Fatal error:  Cannot redeclare DB() (previously declared in /www/wwwroot/kzzmxorp_kartik001.com/adminab/api/conn.php:23) in /www/wwwroot/kzzmxorp_kartik001.com/adminab/conn.php on line 21
[15-May-2026 18:01:24 Asia/Kolkata] PHP Notice:  session_start(): A session had already been started - ignoring in /www/wwwroot/kzzmxorp_kartik001.com/adminab/layout-menu.php on line 2
[15-May-2026 18:01:24 Asia/Kolkata] PHP Fatal error:  Cannot redeclare DB() (previously declared in /www/wwwroot/kzzmxorp_kartik001.com/adminab/api/conn.php:23) in /www/wwwroot/kzzmxorp_kartik001.com/adminab/conn.php on line 21
[15-May-2026 20:31:51 PRC] PHP Notice:  Undefined index: unohs in /www/wwwroot/kzzmxorp_kartik001.com/adminab/index.php on line 12
[15-May-2026 22:20:20 PRC] PHP Notice:  Undefined index: unohs in /www/wwwroot/kzzmxorp_kartik001.com/adminab/index.php on line 12
[15-May-2026 23:26:17 PRC] PHP Notice:  Undefined index: unohs in /www/wwwroot/kzzmxorp_kartik001.com/adminab/index.php on line 12
[15-May-2026 23:41:27 PRC] PHP Notice:  Undefined index: unohs in /www/wwwroot/kzzmxorp_kartik001.com/adminab/index.php on line 12
[15-May-2026 23:52:42 PRC] PHP Notice:  Undefined index: unohs in /www/wwwroot/kzzmxorp_kartik001.com/adminab/index.php on line 12
[16-May-2026 00:32:12 PRC] PHP Notice:  Undefined index: unohs in /www/wwwroot/kzzmxorp_kartik001.com/adminab/index.php on line 12
[16-May-2026 00:34:34 PRC] PHP Notice:  Undefined index: unohs in /www/wwwroot/kzzmxorp_kartik001.com/adminab/index.php on line 12
[16-May-2026 02:08:39 PRC] PHP Notice:  Undefined index: unohs in /www/wwwroot/kzzmxorp_kartik001.com/adminab/index.php on line 12
[16-May-2026 02:31:02 PRC] PHP Notice:  Undefined index: unohs in /www/wwwroot/kzzmxorp_kartik001.com/adminab/index.php on line 12
[16-May-2026 12:57:06 PRC] PHP Notice:  Undefined index: unohs in /www/wwwroot/kzzmxorp_kartik001.com/adminab/index.php on line 12
[16-May-2026 13:35:32 PRC] PHP Notice:  Undefined index: unohs in /www/wwwroot/kzzmxorp_kartik001.com/adminab/index.php on line 12
[16-May-2026 13:39:07 PRC] PHP Notice:  Undefined index: unohs in /www/wwwroot/kzzmxorp_kartik001.com/adminab/index.php on line 12
[16-May-2026 13:56:14 PRC] PHP Notice:  Undefined index: unohs in /www/wwwroot/kzzmxorp_kartik001.com/adminab/index.php on line 12
[16-May-2026 14:22:05 PRC] PHP Notice:  Undefined index: unohs in /www/wwwroot/kzzmxorp_kartik001.com/adminab/index.php on line 12
[16-May-2026 15:10:32 PRC] PHP Notice:  Undefined index: unohs in /www/wwwroot/kzzmxorp_kartik001.com/adminab/index.php on line 12
[16-May-2026 15:19:06 PRC] PHP Notice:  Undefined index: unohs in /www/wwwroot/kzzmxorp_kartik001.com/adminab/index.php on line 12
[16-May-2026 15:19:53 PRC] PHP Notice:  Undefined index: unohs in /www/wwwroot/kzzmxorp_kartik001.com/adminab/index.php on line 12
[16-May-2026 16:02:31 PRC] PHP Notice:  Undefined index: unohs in /www/wwwroot/kzzmxorp_kartik001.com/adminab/index.php on line 12
[16-May-2026 17:28:11 PRC] PHP Notice:  Undefined index: unohs in /www/wwwroot/kzzmxorp_kartik001.com/adminab/index.php on line 12
[16-May-2026 20:04:43 PRC] PHP Notice:  Undefined index: unohs in /www/wwwroot/kzzmxorp_kartik001.com/adminab/index.php on line 12
[16-May-2026 20:16:13 PRC] PHP Notice:  Undefined index: unohs in /www/wwwroot/kzzmxorp_kartik001.com/adminab/index.php on line 12
[16-May-2026 20:22:30 PRC] PHP Notice:  Undefined index: unohs in /www/wwwroot/kzzmxorp_kartik001.com/adminab/index.php on line 12
[16-May-2026 20:22:51 PRC] PHP Notice:  Undefined index: unohs in /www/wwwroot/kzzmxorp_kartik001.com/adminab/index.php on line 12
[16-May-2026 20:22:53 PRC] PHP Notice:  Undefined index: unohs in /www/wwwroot/kzzmxorp_kartik001.com/adminab/index.php on line 12
[16-May-2026 20:27:21 PRC] PHP Notice:  Undefined index: unohs in /www/wwwroot/kzzmxorp_kartik001.com/adminab/index.php on line 12
[16-May-2026 21:25:12 PRC] PHP Notice:  Undefined index: unohs in /www/wwwroot/kzzmxorp_kartik001.com/adminab/index.php on line 12
[16-May-2026 22:03:46 PRC] PHP Notice:  Undefined index: unohs in /www/wwwroot/kzzmxorp_kartik001.com/adminab/index.php on line 12
[16-May-2026 22:22:38 PRC] PHP Notice:  Undefined index: unohs in /www/wwwroot/kzzmxorp_kartik001.com/adminab/index.php on line 12
[16-May-2026 22:22:43 PRC] PHP Notice:  Undefined index: unohs in /www/wwwroot/kzzmxorp_kartik001.com/adminab/index.php on line 12
[17-May-2026 00:18:13 PRC] PHP Notice:  Undefined index: unohs in /www/wwwroot/kzzmxorp_kartik001.com/adminab/index.php on line 12
[17-May-2026 00:27:35 PRC] PHP Notice:  Undefined index: unohs in /www/wwwroot/kzzmxorp_kartik001.com/adminab/index.php on line 12
[17-May-2026 01:21:07 PRC] PHP Notice:  Undefined index: unohs in /www/wwwroot/kzzmxorp_kartik001.com/adminab/index.php on line 12
[23-May-2026 07:17:56 UTC] PHP Notice:  Undefined index: unohs in /home/winboxco/public_html/admin/index.php on line 12
[23-May-2026 07:20:27 UTC] PHP Notice:  Undefined index: unohs in /home/winboxco/public_html/admin/index.php on line 12
[24-May-2026 15:18:35 UTC] PHP Notice:  Undefined index: unohs in /home/tkwinsit/yaarwin21.site/36788digitaladmin/index.php on line 12
[24-May-2026 15:28:15 UTC] PHP Notice:  Undefined index: unohs in /home/tkwinsit/yaarwin21.site/36788digitaladmin/index.php on line 12
[24-May-2026 17:27:34 UTC] PHP Notice:  Undefined index: unohs in /home/tkwinsit/yaarwin21.site/36788digitaladmin/index.php on line 12
[25-May-2026 06:38:07 UTC] PHP Notice:  Undefined index: unohs in /home/tkwinsit/yaarwin21.site/36788digitaladmin/index.php on line 12
[25-May-2026 08:26:41 UTC] PHP Notice:  Undefined index: unohs in /home/tkwinsit/yaarwin21.site/36788digitaladmin/index.php on line 12
[25-May-2026 08:26:45 UTC] PHP Notice:  Undefined index: unohs in /home/tkwinsit/yaarwin21.site/36788digitaladmin/index.php on line 12
[28-May-2026 01:05:13 UTC] PHP Notice:  Undefined index: unohs in /home/tkwinsit/yaarwin21.site/36788digitaladmin/index.php on line 12
[13-Aug-2026 08:30:01 UTC] PHP Warning:  Undefined array key "unohs" in /home/nons257754/public_html/digitaladmin/index.php on line 12
[13-Aug-2026 09:55:28 UTC] PHP Warning:  Undefined array key "unohs" in /home/nons257754/public_html/digitaladmin/index.php on line 12
[13-Aug-2026 15:26:56 Asia/Kolkata] PHP Deprecated:  number_format(): Passing null to parameter #1 ($num) of type float is deprecated in /home/nons257754/public_html/digitaladmin/index.php on line 1035
[13-Aug-2026 15:26:56 Asia/Kolkata] PHP Deprecated:  number_format(): Passing null to parameter #1 ($num) of type float is deprecated in /home/nons257754/public_html/digitaladmin/index.php on line 1061
[13-Aug-2026 15:27:27 Asia/Kolkata] PHP Deprecated:  number_format(): Passing null to parameter #1 ($num) of type float is deprecated in /home/nons257754/public_html/digitaladmin/index.php on line 1035
[13-Aug-2026 15:27:27 Asia/Kolkata] PHP Deprecated:  number_format(): Passing null to parameter #1 ($num) of type float is deprecated in /home/nons257754/public_html/digitaladmin/index.php on line 1061
[13-Aug-2026 15:29:29 Asia/Kolkata] PHP Deprecated:  number_format(): Passing null to parameter #1 ($num) of type float is deprecated in /home/nons257754/public_html/digitaladmin/index.php on line 1035
[13-Aug-2026 15:29:29 Asia/Kolkata] PHP Deprecated:  number_format(): Passing null to parameter #1 ($num) of type float is deprecated in /home/nons257754/public_html/digitaladmin/index.php on line 1061
[13-Aug-2026 15:47:58 Asia/Kolkata] PHP Deprecated:  number_format(): Passing null to parameter #1 ($num) of type float is deprecated in /home/nons257754/public_html/digitaladmin/index.php on line 1035
[13-Aug-2026 15:47:58 Asia/Kolkata] PHP Deprecated:  number_format(): Passing null to parameter #1 ($num) of type float is deprecated in /home/nons257754/public_html/digitaladmin/index.php on line 1061
[13-Aug-2026 10:23:47 UTC] PHP Warning:  Undefined array key "unohs" in /home/nons257754/public_html/digitaladmin/index.php on line 12
[13-Aug-2026 12:02:57 UTC] PHP Warning:  Undefined array key "unohs" in /home/nons257754/public_html/digitaladmin/index.php on line 12
[13-Aug-2026 19:24:27 Asia/Kolkata] PHP Deprecated:  number_format(): Passing null to parameter #1 ($num) of type float is deprecated in /home/nons257754/public_html/digitaladmin/index.php on line 1061
[13-Aug-2026 15:55:14 UTC] PHP Warning:  Undefined array key "unohs" in /home/nons257754/public_html/digitaladmin/index.php on line 12
[13-Aug-2026 21:26:03 Asia/Kolkata] PHP Deprecated:  number_format(): Passing null to parameter #1 ($num) of type float is deprecated in /home/nons257754/public_html/digitaladmin/index.php on line 1061
[13-Aug-2026 15:58:42 UTC] PHP Warning:  Undefined array key "unohs" in /home/nons257754/public_html/digitaladmin/index.php on line 12
[13-Aug-2026 16:13:42 UTC] PHP Warning:  Undefined array key "unohs" in /home/nons257754/public_html/digitaladmin/index.php on line 12
[13-Aug-2026 21:44:19 Asia/Kolkata] PHP Deprecated:  number_format(): Passing null to parameter #1 ($num) of type float is deprecated in /home/nons257754/public_html/digitaladmin/index.php on line 1061
[13-Aug-2026 16:14:26 UTC] PHP Warning:  Undefined array key "unohs" in /home/nons257754/public_html/digitaladmin/index.php on line 12
[13-Aug-2026 16:42:52 UTC] PHP Warning:  Undefined array key "unohs" in /home/nons257754/public_html/digitaladmin/index.php on line 12
[13-Aug-2026 16:43:08 UTC] PHP Warning:  Undefined array key "unohs" in /home/nons257754/public_html/digitaladmin/index.php on line 12
[13-Aug-2026 22:13:19 Asia/Kolkata] PHP Deprecated:  number_format(): Passing null to parameter #1 ($num) of type float is deprecated in /home/nons257754/public_html/digitaladmin/index.php on line 1061
[13-Aug-2026 22:13:40 Asia/Kolkata] PHP Deprecated:  number_format(): Passing null to parameter #1 ($num) of type float is deprecated in /home/nons257754/public_html/digitaladmin/index.php on line 1061
[13-Aug-2026 17:07:43 UTC] PHP Warning:  Undefined array key "unohs" in /home/nons257754/public_html/digitaladmin/index.php on line 12
[13-Aug-2026 22:38:03 Asia/Kolkata] PHP Deprecated:  number_format(): Passing null to parameter #1 ($num) of type float is deprecated in /home/nons257754/public_html/digitaladmin/index.php on line 1061
[14-Aug-2026 00:57:04 Asia/Kolkata] [admin schema seed] Unknown column 'updated_at' in 'INSERT INTO'
[14-Aug-2026 00:57:04 Asia/Kolkata] PHP Deprecated:  number_format(): Passing null to parameter #1 ($num) of type float is deprecated in /home/nons257754/public_html/digitaladmin/index.php on line 1038
[14-Aug-2026 00:57:04 Asia/Kolkata] PHP Deprecated:  number_format(): Passing null to parameter #1 ($num) of type float is deprecated in /home/nons257754/public_html/digitaladmin/index.php on line 1064
[14-Aug-2026 01:15:25 Asia/Kolkata] [admin schema seed] Unknown column 'updated_at' in 'INSERT INTO'
[14-Aug-2026 01:15:25 Asia/Kolkata] PHP Deprecated:  number_format(): Passing null to parameter #1 ($num) of type float is deprecated in /home/nons257754/public_html/digitaladmin/index.php on line 1038
[14-Aug-2026 01:15:25 Asia/Kolkata] PHP Deprecated:  number_format(): Passing null to parameter #1 ($num) of type float is deprecated in /home/nons257754/public_html/digitaladmin/index.php on line 1064
[13-Aug-2026 19:58:05 UTC] PHP Warning:  Undefined array key "unohs" in /home/nons257754/public_html/digitaladmin/index.php on line 12
[14-Aug-2026 04:37:31 UTC] PHP Warning:  Undefined array key "unohs" in /home/nons257754/public_html/digitaladmin/index.php on line 12
[14-Aug-2026 04:38:29 UTC] PHP Warning:  Undefined array key "unohs" in /home/nons257754/public_html/digitaladmin/index.php on line 12
[14-Aug-2026 04:39:15 UTC] PHP Warning:  Undefined array key "unohs" in /home/nons257754/public_html/digitaladmin/index.php on line 12
[14-Aug-2026 10:09:42 Asia/Kolkata] [admin schema seed] Unknown column 'updated_at' in 'INSERT INTO'
[14-Aug-2026 10:09:42 Asia/Kolkata] PHP Deprecated:  number_format(): Passing null to parameter #1 ($num) of type float is deprecated in /home/nons257754/public_html/digitaladmin/index.php on line 1038
[14-Aug-2026 10:09:42 Asia/Kolkata] PHP Deprecated:  number_format(): Passing null to parameter #1 ($num) of type float is deprecated in /home/nons257754/public_html/digitaladmin/index.php on line 1064
[14-Aug-2026 10:09:48 Asia/Kolkata] [admin schema seed] Unknown column 'updated_at' in 'INSERT INTO'
[14-Aug-2026 10:09:48 Asia/Kolkata] PHP Deprecated:  number_format(): Passing null to parameter #1 ($num) of type float is deprecated in /home/nons257754/public_html/digitaladmin/index.php on line 1038
[14-Aug-2026 10:09:48 Asia/Kolkata] PHP Deprecated:  number_format(): Passing null to parameter #1 ($num) of type float is deprecated in /home/nons257754/public_html/digitaladmin/index.php on line 1064
[14-Aug-2026 10:20:09 Asia/Kolkata] [admin schema seed] Unknown column 'updated_at' in 'INSERT INTO'
[14-Aug-2026 10:20:09 Asia/Kolkata] PHP Deprecated:  number_format(): Passing null to parameter #1 ($num) of type float is deprecated in /home/nons257754/public_html/digitaladmin/index.php on line 1038
[14-Aug-2026 10:20:09 Asia/Kolkata] PHP Deprecated:  number_format(): Passing null to parameter #1 ($num) of type float is deprecated in /home/nons257754/public_html/digitaladmin/index.php on line 1064
[14-Aug-2026 10:23:34 Asia/Kolkata] [admin schema seed] Unknown column 'updated_at' in 'INSERT INTO'
[14-Aug-2026 10:23:34 Asia/Kolkata] PHP Deprecated:  number_format(): Passing null to parameter #1 ($num) of type float is deprecated in /home/nons257754/public_html/digitaladmin/index.php on line 1038
[14-Aug-2026 10:23:34 Asia/Kolkata] PHP Deprecated:  number_format(): Passing null to parameter #1 ($num) of type float is deprecated in /home/nons257754/public_html/digitaladmin/index.php on line 1064
[14-Aug-2026 10:29:02 Asia/Kolkata] [admin schema seed] Unknown column 'updated_at' in 'INSERT INTO'
[14-Aug-2026 10:29:02 Asia/Kolkata] PHP Deprecated:  number_format(): Passing null to parameter #1 ($num) of type float is deprecated in /home/nons257754/public_html/digitaladmin/index.php on line 1038
[14-Aug-2026 10:29:02 Asia/Kolkata] PHP Deprecated:  number_format(): Passing null to parameter #1 ($num) of type float is deprecated in /home/nons257754/public_html/digitaladmin/index.php on line 1064
[14-Aug-2026 04:59:56 UTC] PHP Warning:  Undefined array key "unohs" in /home/nons257754/public_html/digitaladmin/index.php on line 12
[14-Aug-2026 10:29:59 Asia/Kolkata] [admin schema seed] Unknown column 'updated_at' in 'INSERT INTO'
[14-Aug-2026 10:29:59 Asia/Kolkata] PHP Deprecated:  number_format(): Passing null to parameter #1 ($num) of type float is deprecated in /home/nons257754/public_html/digitaladmin/index.php on line 1038
[14-Aug-2026 10:29:59 Asia/Kolkata] PHP Deprecated:  number_format(): Passing null to parameter #1 ($num) of type float is deprecated in /home/nons257754/public_html/digitaladmin/index.php on line 1064
[14-Aug-2026 10:30:38 Asia/Kolkata] [admin schema seed] Unknown column 'updated_at' in 'INSERT INTO'
[14-Aug-2026 10:30:39 Asia/Kolkata] PHP Deprecated:  number_format(): Passing null to parameter #1 ($num) of type float is deprecated in /home/nons257754/public_html/digitaladmin/index.php on line 1038
[14-Aug-2026 10:30:39 Asia/Kolkata] PHP Deprecated:  number_format(): Passing null to parameter #1 ($num) of type float is deprecated in /home/nons257754/public_html/digitaladmin/index.php on line 1064
[14-Aug-2026 10:31:35 Asia/Kolkata] [admin schema seed] Unknown column 'updated_at' in 'INSERT INTO'
[14-Aug-2026 10:31:35 Asia/Kolkata] PHP Deprecated:  number_format(): Passing null to parameter #1 ($num) of type float is deprecated in /home/nons257754/public_html/digitaladmin/index.php on line 1038
[14-Aug-2026 10:31:35 Asia/Kolkata] PHP Deprecated:  number_format(): Passing null to parameter #1 ($num) of type float is deprecated in /home/nons257754/public_html/digitaladmin/index.php on line 1064
[14-Aug-2026 10:54:41 Asia/Kolkata] [admin schema seed] Unknown column 'updated_at' in 'INSERT INTO'
[14-Aug-2026 10:54:41 Asia/Kolkata] PHP Deprecated:  number_format(): Passing null to parameter #1 ($num) of type float is deprecated in /home/nons257754/public_html/digitaladmin/index.php on line 1038
[14-Aug-2026 10:54:41 Asia/Kolkata] PHP Deprecated:  number_format(): Passing null to parameter #1 ($num) of type float is deprecated in /home/nons257754/public_html/digitaladmin/index.php on line 1064
[14-Aug-2026 10:55:38 Asia/Kolkata] [admin schema seed] Unknown column 'updated_at' in 'INSERT INTO'
[14-Aug-2026 10:55:38 Asia/Kolkata] PHP Deprecated:  number_format(): Passing null to parameter #1 ($num) of type float is deprecated in /home/nons257754/public_html/digitaladmin/index.php on line 1038
[14-Aug-2026 10:55:38 Asia/Kolkata] PHP Deprecated:  number_format(): Passing null to parameter #1 ($num) of type float is deprecated in /home/nons257754/public_html/digitaladmin/index.php on line 1064
[14-Aug-2026 10:59:32 Asia/Kolkata] [admin schema seed] Unknown column 'updated_at' in 'INSERT INTO'
[14-Aug-2026 10:59:32 Asia/Kolkata] PHP Deprecated:  number_format(): Passing null to parameter #1 ($num) of type float is deprecated in /home/nons257754/public_html/digitaladmin/index.php on line 1038
[14-Aug-2026 10:59:32 Asia/Kolkata] PHP Deprecated:  number_format(): Passing null to parameter #1 ($num) of type float is deprecated in /home/nons257754/public_html/digitaladmin/index.php on line 1064
[14-Aug-2026 05:31:00 UTC] PHP Warning:  Undefined array key "unohs" in /home/nons257754/public_html/digitaladmin/index.php on line 12
[14-Aug-2026 05:31:06 UTC] PHP Warning:  Undefined array key "unohs" in /home/nons257754/public_html/digitaladmin/index.php on line 12
[14-Aug-2026 11:01:16 Asia/Kolkata] [admin schema seed] Unknown column 'updated_at' in 'INSERT INTO'
[14-Aug-2026 11:01:17 Asia/Kolkata] PHP Deprecated:  number_format(): Passing null to parameter #1 ($num) of type float is deprecated in /home/nons257754/public_html/digitaladmin/index.php on line 1038
[14-Aug-2026 11:01:17 Asia/Kolkata] PHP Deprecated:  number_format(): Passing null to parameter #1 ($num) of type float is deprecated in /home/nons257754/public_html/digitaladmin/index.php on line 1064
[14-Aug-2026 13:22:28 Asia/Kolkata] [admin schema seed] Unknown column 'updated_at' in 'INSERT INTO'
[14-Aug-2026 13:22:28 Asia/Kolkata] PHP Deprecated:  number_format(): Passing null to parameter #1 ($num) of type float is deprecated in /home/nons257754/public_html/digitaladmin/index.php on line 1038
[14-Aug-2026 13:22:28 Asia/Kolkata] PHP Deprecated:  number_format(): Passing null to parameter #1 ($num) of type float is deprecated in /home/nons257754/public_html/digitaladmin/index.php on line 1064
[14-Aug-2026 14:39:46 Asia/Kolkata] [admin schema seed] Unknown column 'updated_at' in 'INSERT INTO'
[14-Aug-2026 14:39:46 Asia/Kolkata] PHP Deprecated:  number_format(): Passing null to parameter #1 ($num) of type float is deprecated in /home/nons257754/public_html/digitaladmin/index.php on line 1038
[14-Aug-2026 14:39:46 Asia/Kolkata] PHP Deprecated:  number_format(): Passing null to parameter #1 ($num) of type float is deprecated in /home/nons257754/public_html/digitaladmin/index.php on line 1064
[14-Aug-2026 09:09:53 UTC] PHP Warning:  Undefined array key "unohs" in /home/nons257754/public_html/digitaladmin/index.php on line 12
[14-Aug-2026 14:40:32 Asia/Kolkata] [admin schema seed] Unknown column 'updated_at' in 'INSERT INTO'
[14-Aug-2026 14:40:32 Asia/Kolkata] PHP Deprecated:  number_format(): Passing null to parameter #1 ($num) of type float is deprecated in /home/nons257754/public_html/digitaladmin/index.php on line 1038
[14-Aug-2026 14:40:32 Asia/Kolkata] PHP Deprecated:  number_format(): Passing null to parameter #1 ($num) of type float is deprecated in /home/nons257754/public_html/digitaladmin/index.php on line 1064
[14-Aug-2026 14:41:03 Asia/Kolkata] [admin schema seed] Unknown column 'updated_at' in 'INSERT INTO'
[14-Aug-2026 14:41:03 Asia/Kolkata] PHP Deprecated:  number_format(): Passing null to parameter #1 ($num) of type float is deprecated in /home/nons257754/public_html/digitaladmin/index.php on line 1038
[14-Aug-2026 14:41:03 Asia/Kolkata] PHP Deprecated:  number_format(): Passing null to parameter #1 ($num) of type float is deprecated in /home/nons257754/public_html/digitaladmin/index.php on line 1064
[14-Aug-2026 14:42:01 Asia/Kolkata] [admin schema seed] Unknown column 'updated_at' in 'INSERT INTO'
[14-Aug-2026 14:42:01 Asia/Kolkata] PHP Deprecated:  number_format(): Passing null to parameter #1 ($num) of type float is deprecated in /home/nons257754/public_html/digitaladmin/index.php on line 1038
[14-Aug-2026 14:42:01 Asia/Kolkata] PHP Deprecated:  number_format(): Passing null to parameter #1 ($num) of type float is deprecated in /home/nons257754/public_html/digitaladmin/index.php on line 1064
[14-Aug-2026 14:42:42 Asia/Kolkata] [admin schema seed] Unknown column 'updated_at' in 'INSERT INTO'
[14-Aug-2026 14:42:43 Asia/Kolkata] PHP Deprecated:  number_format(): Passing null to parameter #1 ($num) of type float is deprecated in /home/nons257754/public_html/digitaladmin/index.php on line 1038
[14-Aug-2026 14:42:43 Asia/Kolkata] PHP Deprecated:  number_format(): Passing null to parameter #1 ($num) of type float is deprecated in /home/nons257754/public_html/digitaladmin/index.php on line 1064
[14-Aug-2026 14:43:51 Asia/Kolkata] [admin schema seed] Unknown column 'updated_at' in 'INSERT INTO'
[14-Aug-2026 14:43:52 Asia/Kolkata] PHP Deprecated:  number_format(): Passing null to parameter #1 ($num) of type float is deprecated in /home/nons257754/public_html/digitaladmin/index.php on line 1038
[14-Aug-2026 14:43:52 Asia/Kolkata] PHP Deprecated:  number_format(): Passing null to parameter #1 ($num) of type float is deprecated in /home/nons257754/public_html/digitaladmin/index.php on line 1064
[14-Aug-2026 14:55:46 Asia/Kolkata] [admin schema seed] Unknown column 'updated_at' in 'INSERT INTO'
[14-Aug-2026 14:55:46 Asia/Kolkata] PHP Deprecated:  number_format(): Passing null to parameter #1 ($num) of type float is deprecated in /home/nons257754/public_html/digitaladmin/index.php on line 1038
[14-Aug-2026 14:55:46 Asia/Kolkata] PHP Deprecated:  number_format(): Passing null to parameter #1 ($num) of type float is deprecated in /home/nons257754/public_html/digitaladmin/index.php on line 1064
[14-Aug-2026 14:56:15 Asia/Kolkata] [admin schema seed] Unknown column 'updated_at' in 'INSERT INTO'
[14-Aug-2026 14:56:15 Asia/Kolkata] PHP Deprecated:  number_format(): Passing null to parameter #1 ($num) of type float is deprecated in /home/nons257754/public_html/digitaladmin/index.php on line 1038
[14-Aug-2026 14:56:15 Asia/Kolkata] PHP Deprecated:  number_format(): Passing null to parameter #1 ($num) of type float is deprecated in /home/nons257754/public_html/digitaladmin/index.php on line 1064
[14-Aug-2026 15:01:28 Asia/Kolkata] [admin schema seed] Unknown column 'updated_at' in 'INSERT INTO'
[14-Aug-2026 15:01:28 Asia/Kolkata] PHP Deprecated:  number_format(): Passing null to parameter #1 ($num) of type float is deprecated in /home/nons257754/public_html/digitaladmin/index.php on line 1038
[14-Aug-2026 15:01:28 Asia/Kolkata] PHP Deprecated:  number_format(): Passing null to parameter #1 ($num) of type float is deprecated in /home/nons257754/public_html/digitaladmin/index.php on line 1064
[14-Aug-2026 12:19:48 UTC] PHP Warning:  Undefined array key "unohs" in /home/nons257754/public_html/digitaladmin/index.php on line 12
[14-Aug-2026 17:49:59 Asia/Kolkata] [admin schema seed] Unknown column 'updated_at' in 'INSERT INTO'
[14-Aug-2026 17:49:59 Asia/Kolkata] PHP Deprecated:  number_format(): Passing null to parameter #1 ($num) of type float is deprecated in /home/nons257754/public_html/digitaladmin/index.php on line 1038
[14-Aug-2026 17:49:59 Asia/Kolkata] PHP Deprecated:  number_format(): Passing null to parameter #1 ($num) of type float is deprecated in /home/nons257754/public_html/digitaladmin/index.php on line 1064
[14-Aug-2026 19:32:46 Asia/Kolkata] PHP Deprecated:  number_format(): Passing null to parameter #1 ($num) of type float is deprecated in /home/nons257754/public_html/digitaladmin/index.php on line 1038
[14-Aug-2026 19:32:46 Asia/Kolkata] PHP Deprecated:  number_format(): Passing null to parameter #1 ($num) of type float is deprecated in /home/nons257754/public_html/digitaladmin/index.php on line 1064
[14-Aug-2026 20:23:17 Asia/Kolkata] PHP Deprecated:  number_format(): Passing null to parameter #1 ($num) of type float is deprecated in /home/nons257754/public_html/digitaladmin/index.php on line 1064
[14-Aug-2026 20:28:34 Asia/Kolkata] PHP Deprecated:  number_format(): Passing null to parameter #1 ($num) of type float is deprecated in /home/nons257754/public_html/digitaladmin/index.php on line 1064
[14-Aug-2026 21:42:52 Asia/Kolkata] PHP Deprecated:  number_format(): Passing null to parameter #1 ($num) of type float is deprecated in /home/nons257754/public_html/digitaladmin/index.php on line 1064
[14-Aug-2026 21:45:02 Asia/Kolkata] PHP Deprecated:  number_format(): Passing null to parameter #1 ($num) of type float is deprecated in /home/nons257754/public_html/digitaladmin/index.php on line 1064
[14-Aug-2026 21:46:10 Asia/Kolkata] PHP Deprecated:  number_format(): Passing null to parameter #1 ($num) of type float is deprecated in /home/nons257754/public_html/digitaladmin/index.php on line 1064
[14-Aug-2026 21:46:37 Asia/Kolkata] PHP Deprecated:  number_format(): Passing null to parameter #1 ($num) of type float is deprecated in /home/nons257754/public_html/digitaladmin/index.php on line 1064
[14-Aug-2026 21:47:15 Asia/Kolkata] PHP Deprecated:  number_format(): Passing null to parameter #1 ($num) of type float is deprecated in /home/nons257754/public_html/digitaladmin/index.php on line 1064
[14-Aug-2026 21:50:34 Asia/Kolkata] PHP Deprecated:  number_format(): Passing null to parameter #1 ($num) of type float is deprecated in /home/nons257754/public_html/digitaladmin/index.php on line 1064
[14-Aug-2026 21:53:49 Asia/Kolkata] PHP Deprecated:  number_format(): Passing null to parameter #1 ($num) of type float is deprecated in /home/nons257754/public_html/digitaladmin/index.php on line 1064
[14-Aug-2026 21:54:05 Asia/Kolkata] PHP Deprecated:  number_format(): Passing null to parameter #1 ($num) of type float is deprecated in /home/nons257754/public_html/digitaladmin/index.php on line 1064
[14-Aug-2026 21:57:02 Asia/Kolkata] PHP Deprecated:  number_format(): Passing null to parameter #1 ($num) of type float is deprecated in /home/nons257754/public_html/digitaladmin/index.php on line 1064
[14-Aug-2026 21:58:48 Asia/Kolkata] PHP Deprecated:  number_format(): Passing null to parameter #1 ($num) of type float is deprecated in /home/nons257754/public_html/digitaladmin/index.php on line 1064
[14-Aug-2026 21:58:52 Asia/Kolkata] PHP Deprecated:  number_format(): Passing null to parameter #1 ($num) of type float is deprecated in /home/nons257754/public_html/digitaladmin/index.php on line 1064
[14-Aug-2026 21:59:20 Asia/Kolkata] PHP Deprecated:  number_format(): Passing null to parameter #1 ($num) of type float is deprecated in /home/nons257754/public_html/digitaladmin/index.php on line 1064
[14-Aug-2026 21:59:28 Asia/Kolkata] PHP Deprecated:  number_format(): Passing null to parameter #1 ($num) of type float is deprecated in /home/nons257754/public_html/digitaladmin/index.php on line 1064
[14-Aug-2026 21:59:39 Asia/Kolkata] PHP Deprecated:  number_format(): Passing null to parameter #1 ($num) of type float is deprecated in /home/nons257754/public_html/digitaladmin/index.php on line 1064
[14-Aug-2026 22:00:39 Asia/Kolkata] PHP Deprecated:  number_format(): Passing null to parameter #1 ($num) of type float is deprecated in /home/nons257754/public_html/digitaladmin/index.php on line 1064
[14-Aug-2026 22:00:53 Asia/Kolkata] PHP Deprecated:  number_format(): Passing null to parameter #1 ($num) of type float is deprecated in /home/nons257754/public_html/digitaladmin/index.php on line 1064
[14-Aug-2026 22:01:30 Asia/Kolkata] PHP Deprecated:  number_format(): Passing null to parameter #1 ($num) of type float is deprecated in /home/nons257754/public_html/digitaladmin/index.php on line 1064
[14-Aug-2026 22:02:00 Asia/Kolkata] PHP Deprecated:  number_format(): Passing null to parameter #1 ($num) of type float is deprecated in /home/nons257754/public_html/digitaladmin/index.php on line 1064
[14-Aug-2026 22:02:12 Asia/Kolkata] PHP Deprecated:  number_format(): Passing null to parameter #1 ($num) of type float is deprecated in /home/nons257754/public_html/digitaladmin/index.php on line 1064
[14-Aug-2026 22:02:20 Asia/Kolkata] PHP Deprecated:  number_format(): Passing null to parameter #1 ($num) of type float is deprecated in /home/nons257754/public_html/digitaladmin/index.php on line 1064
[14-Aug-2026 22:02:26 Asia/Kolkata] PHP Deprecated:  number_format(): Passing null to parameter #1 ($num) of type float is deprecated in /home/nons257754/public_html/digitaladmin/index.php on line 1064
[14-Aug-2026 22:04:26 Asia/Kolkata] PHP Deprecated:  number_format(): Passing null to parameter #1 ($num) of type float is deprecated in /home/nons257754/public_html/digitaladmin/index.php on line 1064
[14-Aug-2026 22:05:27 Asia/Kolkata] PHP Deprecated:  number_format(): Passing null to parameter #1 ($num) of type float is deprecated in /home/nons257754/public_html/digitaladmin/index.php on line 1064
[14-Aug-2026 22:05:39 Asia/Kolkata] PHP Deprecated:  number_format(): Passing null to parameter #1 ($num) of type float is deprecated in /home/nons257754/public_html/digitaladmin/index.php on line 1064
[14-Aug-2026 22:11:52 Asia/Kolkata] PHP Deprecated:  number_format(): Passing null to parameter #1 ($num) of type float is deprecated in /home/nons257754/public_html/digitaladmin/index.php on line 1064
[14-Aug-2026 22:11:56 Asia/Kolkata] PHP Deprecated:  number_format(): Passing null to parameter #1 ($num) of type float is deprecated in /home/nons257754/public_html/digitaladmin/index.php on line 1064
[14-Aug-2026 22:34:04 Asia/Kolkata] PHP Deprecated:  number_format(): Passing null to parameter #1 ($num) of type float is deprecated in /home/nons257754/public_html/digitaladmin/index.php on line 1064
[14-Aug-2026 22:34:16 Asia/Kolkata] PHP Deprecated:  number_format(): Passing null to parameter #1 ($num) of type float is deprecated in /home/nons257754/public_html/digitaladmin/index.php on line 1064
[14-Aug-2026 22:36:07 Asia/Kolkata] PHP Deprecated:  number_format(): Passing null to parameter #1 ($num) of type float is deprecated in /home/nons257754/public_html/digitaladmin/index.php on line 1064
[14-Aug-2026 22:46:02 Asia/Kolkata] PHP Deprecated:  number_format(): Passing null to parameter #1 ($num) of type float is deprecated in /home/nons257754/public_html/digitaladmin/index.php on line 1064
[14-Aug-2026 22:46:13 Asia/Kolkata] PHP Deprecated:  number_format(): Passing null to parameter #1 ($num) of type float is deprecated in /home/nons257754/public_html/digitaladmin/index.php on line 1064
[14-Aug-2026 23:02:35 Asia/Kolkata] PHP Deprecated:  number_format(): Passing null to parameter #1 ($num) of type float is deprecated in /home/nons257754/public_html/digitaladmin/index.php on line 1064
[15-Aug-2026 08:34:41 Asia/Kolkata] PHP Deprecated:  number_format(): Passing null to parameter #1 ($num) of type float is deprecated in /home/nons257754/public_html/digitaladmin/index.php on line 1038
[15-Aug-2026 08:34:41 Asia/Kolkata] PHP Deprecated:  number_format(): Passing null to parameter #1 ($num) of type float is deprecated in /home/nons257754/public_html/digitaladmin/index.php on line 1064
[15-Aug-2026 08:35:36 Asia/Kolkata] PHP Deprecated:  number_format(): Passing null to parameter #1 ($num) of type float is deprecated in /home/nons257754/public_html/digitaladmin/index.php on line 1038
[15-Aug-2026 08:35:36 Asia/Kolkata] PHP Deprecated:  number_format(): Passing null to parameter #1 ($num) of type float is deprecated in /home/nons257754/public_html/digitaladmin/index.php on line 1064
[15-Aug-2026 08:37:28 Asia/Kolkata] PHP Deprecated:  number_format(): Passing null to parameter #1 ($num) of type float is deprecated in /home/nons257754/public_html/digitaladmin/index.php on line 1038
[15-Aug-2026 08:37:28 Asia/Kolkata] PHP Deprecated:  number_format(): Passing null to parameter #1 ($num) of type float is deprecated in /home/nons257754/public_html/digitaladmin/index.php on line 1064
[15-Aug-2026 08:46:22 Asia/Kolkata] PHP Deprecated:  number_format(): Passing null to parameter #1 ($num) of type float is deprecated in /home/nons257754/public_html/digitaladmin/index.php on line 1038
[15-Aug-2026 08:46:22 Asia/Kolkata] PHP Deprecated:  number_format(): Passing null to parameter #1 ($num) of type float is deprecated in /home/nons257754/public_html/digitaladmin/index.php on line 1064
[15-Aug-2026 08:47:18 Asia/Kolkata] PHP Deprecated:  number_format(): Passing null to parameter #1 ($num) of type float is deprecated in /home/nons257754/public_html/digitaladmin/index.php on line 1038
[15-Aug-2026 08:47:18 Asia/Kolkata] PHP Deprecated:  number_format(): Passing null to parameter #1 ($num) of type float is deprecated in /home/nons257754/public_html/digitaladmin/index.php on line 1064
[15-Aug-2026 08:49:34 Asia/Kolkata] PHP Deprecated:  number_format(): Passing null to parameter #1 ($num) of type float is deprecated in /home/nons257754/public_html/digitaladmin/index.php on line 1038
[15-Aug-2026 08:49:34 Asia/Kolkata] PHP Deprecated:  number_format(): Passing null to parameter #1 ($num) of type float is deprecated in /home/nons257754/public_html/digitaladmin/index.php on line 1064
[15-Aug-2026 08:49:54 Asia/Kolkata] PHP Deprecated:  number_format(): Passing null to parameter #1 ($num) of type float is deprecated in /home/nons257754/public_html/digitaladmin/index.php on line 1038
[15-Aug-2026 08:49:54 Asia/Kolkata] PHP Deprecated:  number_format(): Passing null to parameter #1 ($num) of type float is deprecated in /home/nons257754/public_html/digitaladmin/index.php on line 1064
[15-Aug-2026 08:50:17 Asia/Kolkata] PHP Deprecated:  number_format(): Passing null to parameter #1 ($num) of type float is deprecated in /home/nons257754/public_html/digitaladmin/index.php on line 1038
[15-Aug-2026 08:50:17 Asia/Kolkata] PHP Deprecated:  number_format(): Passing null to parameter #1 ($num) of type float is deprecated in /home/nons257754/public_html/digitaladmin/index.php on line 1064
[15-Aug-2026 08:50:37 Asia/Kolkata] PHP Deprecated:  number_format(): Passing null to parameter #1 ($num) of type float is deprecated in /home/nons257754/public_html/digitaladmin/index.php on line 1038
[15-Aug-2026 08:50:37 Asia/Kolkata] PHP Deprecated:  number_format(): Passing null to parameter #1 ($num) of type float is deprecated in /home/nons257754/public_html/digitaladmin/index.php on line 1064
[15-Aug-2026 08:50:45 Asia/Kolkata] PHP Deprecated:  number_format(): Passing null to parameter #1 ($num) of type float is deprecated in /home/nons257754/public_html/digitaladmin/index.php on line 1038
[15-Aug-2026 08:50:45 Asia/Kolkata] PHP Deprecated:  number_format(): Passing null to parameter #1 ($num) of type float is deprecated in /home/nons257754/public_html/digitaladmin/index.php on line 1064
[15-Aug-2026 08:51:10 Asia/Kolkata] PHP Deprecated:  number_format(): Passing null to parameter #1 ($num) of type float is deprecated in /home/nons257754/public_html/digitaladmin/index.php on line 1038
[15-Aug-2026 08:51:10 Asia/Kolkata] PHP Deprecated:  number_format(): Passing null to parameter #1 ($num) of type float is deprecated in /home/nons257754/public_html/digitaladmin/index.php on line 1064
[15-Aug-2026 10:54:15 Asia/Kolkata] PHP Deprecated:  number_format(): Passing null to parameter #1 ($num) of type float is deprecated in /home/nons257754/public_html/digitaladmin/index.php on line 1038
[15-Aug-2026 10:54:15 Asia/Kolkata] PHP Deprecated:  number_format(): Passing null to parameter #1 ($num) of type float is deprecated in /home/nons257754/public_html/digitaladmin/index.php on line 1064
[15-Aug-2026 10:58:07 Asia/Kolkata] PHP Deprecated:  number_format(): Passing null to parameter #1 ($num) of type float is deprecated in /home/nons257754/public_html/digitaladmin/index.php on line 1038
[15-Aug-2026 10:58:07 Asia/Kolkata] PHP Deprecated:  number_format(): Passing null to parameter #1 ($num) of type float is deprecated in /home/nons257754/public_html/digitaladmin/index.php on line 1064
[15-Aug-2026 10:59:00 Asia/Kolkata] PHP Deprecated:  number_format(): Passing null to parameter #1 ($num) of type float is deprecated in /home/nons257754/public_html/digitaladmin/index.php on line 1038
[15-Aug-2026 10:59:00 Asia/Kolkata] PHP Deprecated:  number_format(): Passing null to parameter #1 ($num) of type float is deprecated in /home/nons257754/public_html/digitaladmin/index.php on line 1064
[15-Aug-2026 11:46:57 Asia/Kolkata] PHP Deprecated:  number_format(): Passing null to parameter #1 ($num) of type float is deprecated in /home/nons257754/public_html/digitaladmin/index.php on line 1038
[15-Aug-2026 11:46:57 Asia/Kolkata] PHP Deprecated:  number_format(): Passing null to parameter #1 ($num) of type float is deprecated in /home/nons257754/public_html/digitaladmin/index.php on line 1064
[15-Aug-2026 11:49:39 Asia/Kolkata] PHP Deprecated:  number_format(): Passing null to parameter #1 ($num) of type float is deprecated in /home/nons257754/public_html/digitaladmin/index.php on line 1038
[15-Aug-2026 11:49:39 Asia/Kolkata] PHP Deprecated:  number_format(): Passing null to parameter #1 ($num) of type float is deprecated in /home/nons257754/public_html/digitaladmin/index.php on line 1064
[15-Aug-2026 11:51:13 Asia/Kolkata] PHP Deprecated:  number_format(): Passing null to parameter #1 ($num) of type float is deprecated in /home/nons257754/public_html/digitaladmin/index.php on line 1038
[15-Aug-2026 11:51:13 Asia/Kolkata] PHP Deprecated:  number_format(): Passing null to parameter #1 ($num) of type float is deprecated in /home/nons257754/public_html/digitaladmin/index.php on line 1064
[15-Aug-2026 12:30:06 Asia/Kolkata] PHP Deprecated:  number_format(): Passing null to parameter #1 ($num) of type float is deprecated in /home/nons257754/public_html/digitaladmin/index.php on line 1038
[15-Aug-2026 12:30:06 Asia/Kolkata] PHP Deprecated:  number_format(): Passing null to parameter #1 ($num) of type float is deprecated in /home/nons257754/public_html/digitaladmin/index.php on line 1064
[15-Aug-2026 12:31:56 Asia/Kolkata] PHP Deprecated:  number_format(): Passing null to parameter #1 ($num) of type float is deprecated in /home/nons257754/public_html/digitaladmin/index.php on line 1038
[15-Aug-2026 12:31:56 Asia/Kolkata] PHP Deprecated:  number_format(): Passing null to parameter #1 ($num) of type float is deprecated in /home/nons257754/public_html/digitaladmin/index.php on line 1064
[15-Aug-2026 12:32:42 Asia/Kolkata] PHP Deprecated:  number_format(): Passing null to parameter #1 ($num) of type float is deprecated in /home/nons257754/public_html/digitaladmin/index.php on line 1038
[15-Aug-2026 12:32:42 Asia/Kolkata] PHP Deprecated:  number_format(): Passing null to parameter #1 ($num) of type float is deprecated in /home/nons257754/public_html/digitaladmin/index.php on line 1064
[15-Aug-2026 13:04:12 Asia/Kolkata] PHP Deprecated:  number_format(): Passing null to parameter #1 ($num) of type float is deprecated in /home/nons257754/public_html/digitaladmin/index.php on line 1038
[15-Aug-2026 13:04:12 Asia/Kolkata] PHP Deprecated:  number_format(): Passing null to parameter #1 ($num) of type float is deprecated in /home/nons257754/public_html/digitaladmin/index.php on line 1064
[15-Aug-2026 13:22:03 Asia/Kolkata] PHP Deprecated:  number_format(): Passing null to parameter #1 ($num) of type float is deprecated in /home/nons257754/public_html/digitaladmin/index.php on line 1038
[15-Aug-2026 13:24:44 Asia/Kolkata] PHP Deprecated:  number_format(): Passing null to parameter #1 ($num) of type float is deprecated in /home/nons257754/public_html/digitaladmin/index.php on line 1038
[15-Aug-2026 17:42:19 Asia/Kolkata] PHP Deprecated:  number_format(): Passing null to parameter #1 ($num) of type float is deprecated in /home/nons257754/public_html/digitaladmin/index.php on line 942
[15-Aug-2026 17:42:34 Asia/Kolkata] PHP Deprecated:  number_format(): Passing null to parameter #1 ($num) of type float is deprecated in /home/nons257754/public_html/digitaladmin/index.php on line 942
[15-Aug-2026 18:22:20 Asia/Kolkata] PHP Deprecated:  number_format(): Passing null to parameter #1 ($num) of type float is deprecated in /home/nons257754/public_html/digitaladmin/index.php on line 942
[15-Aug-2026 18:23:05 Asia/Kolkata] PHP Deprecated:  number_format(): Passing null to parameter #1 ($num) of type float is deprecated in /home/nons257754/public_html/digitaladmin/index.php on line 942
[15-Aug-2026 18:23:37 Asia/Kolkata] PHP Deprecated:  number_format(): Passing null to parameter #1 ($num) of type float is deprecated in /home/nons257754/public_html/digitaladmin/index.php on line 942
[15-Aug-2026 18:24:15 Asia/Kolkata] PHP Deprecated:  number_format(): Passing null to parameter #1 ($num) of type float is deprecated in /home/nons257754/public_html/digitaladmin/index.php on line 942
[15-Aug-2026 23:05:18 Asia/Kolkata] PHP Deprecated:  number_format(): Passing null to parameter #1 ($num) of type float is deprecated in /home/nons257754/public_html/digitaladmin/index.php on line 942
[15-Aug-2026 23:09:11 Asia/Kolkata] PHP Deprecated:  number_format(): Passing null to parameter #1 ($num) of type float is deprecated in /home/nons257754/public_html/digitaladmin/index.php on line 942
[15-Aug-2026 23:10:28 Asia/Kolkata] PHP Deprecated:  number_format(): Passing null to parameter #1 ($num) of type float is deprecated in /home/nons257754/public_html/digitaladmin/index.php on line 942
[15-Aug-2026 23:11:14 Asia/Kolkata] PHP Deprecated:  number_format(): Passing null to parameter #1 ($num) of type float is deprecated in /home/nons257754/public_html/digitaladmin/index.php on line 942
[15-Aug-2026 23:11:35 Asia/Kolkata] PHP Deprecated:  number_format(): Passing null to parameter #1 ($num) of type float is deprecated in /home/nons257754/public_html/digitaladmin/index.php on line 942
[15-Aug-2026 23:13:42 Asia/Kolkata] PHP Deprecated:  number_format(): Passing null to parameter #1 ($num) of type float is deprecated in /home/nons257754/public_html/digitaladmin/index.php on line 942
[16-Aug-2026 07:19:42 Asia/Kolkata] PHP Deprecated:  number_format(): Passing null to parameter #1 ($num) of type float is deprecated in /home/nons257754/public_html/digitaladmin/index.php on line 942
[16-Aug-2026 07:19:42 Asia/Kolkata] PHP Deprecated:  number_format(): Passing null to parameter #1 ($num) of type float is deprecated in /home/nons257754/public_html/digitaladmin/index.php on line 968
[16-Aug-2026 07:22:29 Asia/Kolkata] PHP Deprecated:  number_format(): Passing null to parameter #1 ($num) of type float is deprecated in /home/nons257754/public_html/digitaladmin/index.php on line 968
[16-Aug-2026 07:22:44 Asia/Kolkata] PHP Deprecated:  number_format(): Passing null to parameter #1 ($num) of type float is deprecated in /home/nons257754/public_html/digitaladmin/index.php on line 968
[16-Aug-2026 08:38:59 Asia/Kolkata] PHP Deprecated:  number_format(): Passing null to parameter #1 ($num) of type float is deprecated in /home/nons257754/public_html/digitaladmin/index.php on line 968
[16-Aug-2026 08:39:41 Asia/Kolkata] PHP Deprecated:  number_format(): Passing null to parameter #1 ($num) of type float is deprecated in /home/nons257754/public_html/digitaladmin/index.php on line 968
[16-Aug-2026 08:40:00 Asia/Kolkata] PHP Deprecated:  number_format(): Passing null to parameter #1 ($num) of type float is deprecated in /home/nons257754/public_html/digitaladmin/index.php on line 968
[16-Aug-2026 08:40:37 Asia/Kolkata] PHP Deprecated:  number_format(): Passing null to parameter #1 ($num) of type float is deprecated in /home/nons257754/public_html/digitaladmin/index.php on line 968
[16-Aug-2026 08:41:26 Asia/Kolkata] PHP Deprecated:  number_format(): Passing null to parameter #1 ($num) of type float is deprecated in /home/nons257754/public_html/digitaladmin/index.php on line 968
[16-Aug-2026 08:43:30 Asia/Kolkata] PHP Deprecated:  number_format(): Passing null to parameter #1 ($num) of type float is deprecated in /home/nons257754/public_html/digitaladmin/index.php on line 968
[16-Aug-2026 08:44:59 Asia/Kolkata] PHP Deprecated:  number_format(): Passing null to parameter #1 ($num) of type float is deprecated in /home/nons257754/public_html/digitaladmin/index.php on line 968
[16-Aug-2026 08:45:13 Asia/Kolkata] PHP Deprecated:  number_format(): Passing null to parameter #1 ($num) of type float is deprecated in /home/nons257754/public_html/digitaladmin/index.php on line 968
[16-Aug-2026 08:45:38 Asia/Kolkata] PHP Deprecated:  number_format(): Passing null to parameter #1 ($num) of type float is deprecated in /home/nons257754/public_html/digitaladmin/index.php on line 968
[16-Aug-2026 08:46:58 Asia/Kolkata] PHP Deprecated:  number_format(): Passing null to parameter #1 ($num) of type float is deprecated in /home/nons257754/public_html/digitaladmin/index.php on line 968
[16-Aug-2026 08:49:36 Asia/Kolkata] PHP Deprecated:  number_format(): Passing null to parameter #1 ($num) of type float is deprecated in /home/nons257754/public_html/digitaladmin/index.php on line 968
[16-Aug-2026 08:50:56 Asia/Kolkata] PHP Deprecated:  number_format(): Passing null to parameter #1 ($num) of type float is deprecated in /home/nons257754/public_html/digitaladmin/index.php on line 968
[16-Aug-2026 08:51:16 Asia/Kolkata] PHP Deprecated:  number_format(): Passing null to parameter #1 ($num) of type float is deprecated in /home/nons257754/public_html/digitaladmin/index.php on line 968
[16-Aug-2026 08:53:07 Asia/Kolkata] PHP Deprecated:  number_format(): Passing null to parameter #1 ($num) of type float is deprecated in /home/nons257754/public_html/digitaladmin/index.php on line 968
[16-Aug-2026 08:55:26 Asia/Kolkata] PHP Deprecated:  number_format(): Passing null to parameter #1 ($num) of type float is deprecated in /home/nons257754/public_html/digitaladmin/index.php on line 968
[16-Aug-2026 11:18:31 Asia/Kolkata] PHP Deprecated:  number_format(): Passing null to parameter #1 ($num) of type float is deprecated in /home/nons257754/public_html/digitaladmin/index.php on line 968
[16-Aug-2026 11:19:05 Asia/Kolkata] PHP Deprecated:  number_format(): Passing null to parameter #1 ($num) of type float is deprecated in /home/nons257754/public_html/digitaladmin/index.php on line 968
[16-Aug-2026 11:19:56 Asia/Kolkata] PHP Deprecated:  number_format(): Passing null to parameter #1 ($num) of type float is deprecated in /home/nons257754/public_html/digitaladmin/index.php on line 968
[16-Aug-2026 11:20:54 Asia/Kolkata] PHP Deprecated:  number_format(): Passing null to parameter #1 ($num) of type float is deprecated in /home/nons257754/public_html/digitaladmin/index.php on line 968
[16-Aug-2026 11:22:18 Asia/Kolkata] PHP Deprecated:  number_format(): Passing null to parameter #1 ($num) of type float is deprecated in /home/nons257754/public_html/digitaladmin/index.php on line 968
[16-Aug-2026 18:56:50 Asia/Kolkata] PHP Deprecated:  number_format(): Passing null to parameter #1 ($num) of type float is deprecated in /home/nons257754/public_html/digitaladmin/index.php on line 1125
[16-Aug-2026 18:57:41 Asia/Kolkata] PHP Deprecated:  number_format(): Passing null to parameter #1 ($num) of type float is deprecated in /home/nons257754/public_html/digitaladmin/index.php on line 1125
[16-Aug-2026 18:57:55 Asia/Kolkata] PHP Deprecated:  number_format(): Passing null to parameter #1 ($num) of type float is deprecated in /home/nons257754/public_html/digitaladmin/index.php on line 1125
[16-Aug-2026 18:58:22 Asia/Kolkata] PHP Deprecated:  number_format(): Passing null to parameter #1 ($num) of type float is deprecated in /home/nons257754/public_html/digitaladmin/index.php on line 1125
[16-Aug-2026 20:34:53 Asia/Kolkata] PHP Deprecated:  number_format(): Passing null to parameter #1 ($num) of type float is deprecated in /home/nons257754/public_html/digitaladmin/index.php on line 1125
[16-Aug-2026 20:35:36 Asia/Kolkata] PHP Deprecated:  number_format(): Passing null to parameter #1 ($num) of type float is deprecated in /home/nons257754/public_html/digitaladmin/index.php on line 1125
[16-Aug-2026 20:40:17 Asia/Kolkata] PHP Deprecated:  number_format(): Passing null to parameter #1 ($num) of type float is deprecated in /home/nons257754/public_html/digitaladmin/index.php on line 1125
[16-Aug-2026 20:46:24 Asia/Kolkata] PHP Deprecated:  number_format(): Passing null to parameter #1 ($num) of type float is deprecated in /home/nons257754/public_html/digitaladmin/index.php on line 1125
[16-Aug-2026 21:27:09 Asia/Kolkata] PHP Deprecated:  number_format(): Passing null to parameter #1 ($num) of type float is deprecated in /home/nons257754/public_html/digitaladmin/index.php on line 1125
[16-Aug-2026 21:44:16 Asia/Kolkata] PHP Deprecated:  number_format(): Passing null to parameter #1 ($num) of type float is deprecated in /home/nons257754/public_html/digitaladmin/index.php on line 1125
[16-Aug-2026 22:34:00 Asia/Kolkata] PHP Deprecated:  number_format(): Passing null to parameter #1 ($num) of type float is deprecated in /home/nons257754/public_html/digitaladmin/index.php on line 1125
[16-Aug-2026 22:53:08 Asia/Kolkata] PHP Deprecated:  number_format(): Passing null to parameter #1 ($num) of type float is deprecated in /home/nons257754/public_html/digitaladmin/index.php on line 1125
[17-Aug-2026 05:33:22 Asia/Kolkata] PHP Deprecated:  number_format(): Passing null to parameter #1 ($num) of type float is deprecated in /home/nons257754/public_html/digitaladmin/index.php on line 942
[17-Aug-2026 05:33:22 Asia/Kolkata] PHP Deprecated:  number_format(): Passing null to parameter #1 ($num) of type float is deprecated in /home/nons257754/public_html/digitaladmin/index.php on line 968
[17-Aug-2026 05:33:22 Asia/Kolkata] PHP Deprecated:  number_format(): Passing null to parameter #1 ($num) of type float is deprecated in /home/nons257754/public_html/digitaladmin/index.php on line 1125
[17-Aug-2026 06:51:41 Asia/Kolkata] PHP Deprecated:  number_format(): Passing null to parameter #1 ($num) of type float is deprecated in /home/nons257754/public_html/digitaladmin/index.php on line 942
[17-Aug-2026 06:51:41 Asia/Kolkata] PHP Deprecated:  number_format(): Passing null to parameter #1 ($num) of type float is deprecated in /home/nons257754/public_html/digitaladmin/index.php on line 968
[17-Aug-2026 06:51:41 Asia/Kolkata] PHP Deprecated:  number_format(): Passing null to parameter #1 ($num) of type float is deprecated in /home/nons257754/public_html/digitaladmin/index.php on line 1125
[17-Aug-2026 09:22:40 Asia/Kolkata] PHP Deprecated:  number_format(): Passing null to parameter #1 ($num) of type float is deprecated in /home/nons257754/public_html/digitaladmin/index.php on line 942
[17-Aug-2026 09:22:40 Asia/Kolkata] PHP Deprecated:  number_format(): Passing null to parameter #1 ($num) of type float is deprecated in /home/nons257754/public_html/digitaladmin/index.php on line 968
[17-Aug-2026 09:22:40 Asia/Kolkata] PHP Deprecated:  number_format(): Passing null to parameter #1 ($num) of type float is deprecated in /home/nons257754/public_html/digitaladmin/index.php on line 1125
[17-Aug-2026 09:22:45 Asia/Kolkata] PHP Deprecated:  number_format(): Passing null to parameter #1 ($num) of type float is deprecated in /home/nons257754/public_html/digitaladmin/index.php on line 942
[17-Aug-2026 09:22:45 Asia/Kolkata] PHP Deprecated:  number_format(): Passing null to parameter #1 ($num) of type float is deprecated in /home/nons257754/public_html/digitaladmin/index.php on line 968
[17-Aug-2026 09:22:45 Asia/Kolkata] PHP Deprecated:  number_format(): Passing null to parameter #1 ($num) of type float is deprecated in /home/nons257754/public_html/digitaladmin/index.php on line 1125
[17-Aug-2026 09:24:42 Asia/Kolkata] PHP Deprecated:  number_format(): Passing null to parameter #1 ($num) of type float is deprecated in /home/nons257754/public_html/digitaladmin/index.php on line 942
[17-Aug-2026 09:24:42 Asia/Kolkata] PHP Deprecated:  number_format(): Passing null to parameter #1 ($num) of type float is deprecated in /home/nons257754/public_html/digitaladmin/index.php on line 968
[17-Aug-2026 09:24:42 Asia/Kolkata] PHP Deprecated:  number_format(): Passing null to parameter #1 ($num) of type float is deprecated in /home/nons257754/public_html/digitaladmin/index.php on line 1125
[17-Aug-2026 09:29:29 Asia/Kolkata] PHP Deprecated:  number_format(): Passing null to parameter #1 ($num) of type float is deprecated in /home/nons257754/public_html/digitaladmin/index.php on line 942
[17-Aug-2026 09:29:29 Asia/Kolkata] PHP Deprecated:  number_format(): Passing null to parameter #1 ($num) of type float is deprecated in /home/nons257754/public_html/digitaladmin/index.php on line 968
[17-Aug-2026 09:29:29 Asia/Kolkata] PHP Deprecated:  number_format(): Passing null to parameter #1 ($num) of type float is deprecated in /home/nons257754/public_html/digitaladmin/index.php on line 1125
[17-Aug-2026 09:29:29 Asia/Kolkata] PHP Deprecated:  number_format(): Passing null to parameter #1 ($num) of type float is deprecated in /home/nons257754/public_html/digitaladmin/index.php on line 942
[17-Aug-2026 09:29:29 Asia/Kolkata] PHP Deprecated:  number_format(): Passing null to parameter #1 ($num) of type float is deprecated in /home/nons257754/public_html/digitaladmin/index.php on line 968
[17-Aug-2026 09:29:29 Asia/Kolkata] PHP Deprecated:  number_format(): Passing null to parameter #1 ($num) of type float is deprecated in /home/nons257754/public_html/digitaladmin/index.php on line 1125
[17-Aug-2026 09:47:59 Asia/Kolkata] PHP Deprecated:  number_format(): Passing null to parameter #1 ($num) of type float is deprecated in /home/nons257754/public_html/digitaladmin/index.php on line 968
[17-Aug-2026 09:47:59 Asia/Kolkata] PHP Deprecated:  number_format(): Passing null to parameter #1 ($num) of type float is deprecated in /home/nons257754/public_html/digitaladmin/index.php on line 1125
[17-Aug-2026 09:48:07 Asia/Kolkata] PHP Deprecated:  number_format(): Passing null to parameter #1 ($num) of type float is deprecated in /home/nons257754/public_html/digitaladmin/index.php on line 968
[17-Aug-2026 09:48:07 Asia/Kolkata] PHP Deprecated:  number_format(): Passing null to parameter #1 ($num) of type float is deprecated in /home/nons257754/public_html/digitaladmin/index.php on line 1125
[17-Aug-2026 09:50:19 Asia/Kolkata] PHP Deprecated:  number_format(): Passing null to parameter #1 ($num) of type float is deprecated in /home/nons257754/public_html/digitaladmin/index.php on line 968
[17-Aug-2026 09:50:19 Asia/Kolkata] PHP Deprecated:  number_format(): Passing null to parameter #1 ($num) of type float is deprecated in /home/nons257754/public_html/digitaladmin/index.php on line 1125
[17-Aug-2026 09:50:52 Asia/Kolkata] PHP Deprecated:  number_format(): Passing null to parameter #1 ($num) of type float is deprecated in /home/nons257754/public_html/digitaladmin/index.php on line 968
[17-Aug-2026 09:50:52 Asia/Kolkata] PHP Deprecated:  number_format(): Passing null to parameter #1 ($num) of type float is deprecated in /home/nons257754/public_html/digitaladmin/index.php on line 1125
[17-Aug-2026 09:51:13 Asia/Kolkata] PHP Deprecated:  number_format(): Passing null to parameter #1 ($num) of type float is deprecated in /home/nons257754/public_html/digitaladmin/index.php on line 968
[17-Aug-2026 09:51:13 Asia/Kolkata] PHP Deprecated:  number_format(): Passing null to parameter #1 ($num) of type float is deprecated in /home/nons257754/public_html/digitaladmin/index.php on line 1125
[17-Aug-2026 09:51:48 Asia/Kolkata] PHP Deprecated:  number_format(): Passing null to parameter #1 ($num) of type float is deprecated in /home/nons257754/public_html/digitaladmin/index.php on line 968
[17-Aug-2026 09:51:48 Asia/Kolkata] PHP Deprecated:  number_format(): Passing null to parameter #1 ($num) of type float is deprecated in /home/nons257754/public_html/digitaladmin/index.php on line 1125
[17-Aug-2026 09:56:07 Asia/Kolkata] PHP Deprecated:  number_format(): Passing null to parameter #1 ($num) of type float is deprecated in /home/nons257754/public_html/digitaladmin/index.php on line 968
[17-Aug-2026 09:56:07 Asia/Kolkata] PHP Deprecated:  number_format(): Passing null to parameter #1 ($num) of type float is deprecated in /home/nons257754/public_html/digitaladmin/index.php on line 1125
[17-Aug-2026 09:56:14 Asia/Kolkata] PHP Deprecated:  number_format(): Passing null to parameter #1 ($num) of type float is deprecated in /home/nons257754/public_html/digitaladmin/index.php on line 968
[17-Aug-2026 09:56:14 Asia/Kolkata] PHP Deprecated:  number_format(): Passing null to parameter #1 ($num) of type float is deprecated in /home/nons257754/public_html/digitaladmin/index.php on line 1125
[17-Aug-2026 09:56:20 Asia/Kolkata] PHP Deprecated:  number_format(): Passing null to parameter #1 ($num) of type float is deprecated in /home/nons257754/public_html/digitaladmin/index.php on line 968
[17-Aug-2026 09:56:20 Asia/Kolkata] PHP Deprecated:  number_format(): Passing null to parameter #1 ($num) of type float is deprecated in /home/nons257754/public_html/digitaladmin/index.php on line 1125
[17-Aug-2026 09:56:26 Asia/Kolkata] PHP Deprecated:  number_format(): Passing null to parameter #1 ($num) of type float is deprecated in /home/nons257754/public_html/digitaladmin/index.php on line 968
[17-Aug-2026 09:56:26 Asia/Kolkata] PHP Deprecated:  number_format(): Passing null to parameter #1 ($num) of type float is deprecated in /home/nons257754/public_html/digitaladmin/index.php on line 1125
[17-Aug-2026 09:57:59 Asia/Kolkata] PHP Deprecated:  number_format(): Passing null to parameter #1 ($num) of type float is deprecated in /home/nons257754/public_html/digitaladmin/index.php on line 968
[17-Aug-2026 09:57:59 Asia/Kolkata] PHP Deprecated:  number_format(): Passing null to parameter #1 ($num) of type float is deprecated in /home/nons257754/public_html/digitaladmin/index.php on line 1125
[17-Aug-2026 09:59:21 Asia/Kolkata] PHP Deprecated:  number_format(): Passing null to parameter #1 ($num) of type float is deprecated in /home/nons257754/public_html/digitaladmin/index.php on line 968
[17-Aug-2026 09:59:21 Asia/Kolkata] PHP Deprecated:  number_format(): Passing null to parameter #1 ($num) of type float is deprecated in /home/nons257754/public_html/digitaladmin/index.php on line 1125
[17-Aug-2026 09:59:36 Asia/Kolkata] PHP Deprecated:  number_format(): Passing null to parameter #1 ($num) of type float is deprecated in /home/nons257754/public_html/digitaladmin/index.php on line 968
[17-Aug-2026 09:59:36 Asia/Kolkata] PHP Deprecated:  number_format(): Passing null to parameter #1 ($num) of type float is deprecated in /home/nons257754/public_html/digitaladmin/index.php on line 1125
[17-Aug-2026 10:00:34 Asia/Kolkata] PHP Deprecated:  number_format(): Passing null to parameter #1 ($num) of type float is deprecated in /home/nons257754/public_html/digitaladmin/index.php on line 968
[17-Aug-2026 10:00:34 Asia/Kolkata] PHP Deprecated:  number_format(): Passing null to parameter #1 ($num) of type float is deprecated in /home/nons257754/public_html/digitaladmin/index.php on line 1125
[17-Aug-2026 10:03:59 Asia/Kolkata] PHP Deprecated:  number_format(): Passing null to parameter #1 ($num) of type float is deprecated in /home/nons257754/public_html/digitaladmin/index.php on line 968
[17-Aug-2026 10:03:59 Asia/Kolkata] PHP Deprecated:  number_format(): Passing null to parameter #1 ($num) of type float is deprecated in /home/nons257754/public_html/digitaladmin/index.php on line 1125
[17-Aug-2026 10:46:26 Asia/Kolkata] PHP Deprecated:  number_format(): Passing null to parameter #1 ($num) of type float is deprecated in /home/nons257754/public_html/digitaladmin/index.php on line 968
[17-Aug-2026 10:46:26 Asia/Kolkata] PHP Deprecated:  number_format(): Passing null to parameter #1 ($num) of type float is deprecated in /home/nons257754/public_html/digitaladmin/index.php on line 1125
[17-Aug-2026 10:48:34 Asia/Kolkata] PHP Deprecated:  number_format(): Passing null to parameter #1 ($num) of type float is deprecated in /home/nons257754/public_html/digitaladmin/index.php on line 968
[17-Aug-2026 10:48:34 Asia/Kolkata] PHP Deprecated:  number_format(): Passing null to parameter #1 ($num) of type float is deprecated in /home/nons257754/public_html/digitaladmin/index.php on line 1125
[17-Aug-2026 10:49:25 Asia/Kolkata] PHP Deprecated:  number_format(): Passing null to parameter #1 ($num) of type float is deprecated in /home/nons257754/public_html/digitaladmin/index.php on line 968
[17-Aug-2026 10:49:25 Asia/Kolkata] PHP Deprecated:  number_format(): Passing null to parameter #1 ($num) of type float is deprecated in /home/nons257754/public_html/digitaladmin/index.php on line 1125
[17-Aug-2026 10:53:37 Asia/Kolkata] PHP Deprecated:  number_format(): Passing null to parameter #1 ($num) of type float is deprecated in /home/nons257754/public_html/digitaladmin/index.php on line 968
[17-Aug-2026 10:53:37 Asia/Kolkata] PHP Deprecated:  number_format(): Passing null to parameter #1 ($num) of type float is deprecated in /home/nons257754/public_html/digitaladmin/index.php on line 1125
[17-Aug-2026 10:53:52 Asia/Kolkata] PHP Deprecated:  number_format(): Passing null to parameter #1 ($num) of type float is deprecated in /home/nons257754/public_html/digitaladmin/index.php on line 968
[17-Aug-2026 10:53:52 Asia/Kolkata] PHP Deprecated:  number_format(): Passing null to parameter #1 ($num) of type float is deprecated in /home/nons257754/public_html/digitaladmin/index.php on line 1125
[17-Aug-2026 11:53:12 Asia/Kolkata] PHP Deprecated:  number_format(): Passing null to parameter #1 ($num) of type float is deprecated in /home/nons257754/public_html/digitaladmin/index.php on line 968
[17-Aug-2026 11:53:12 Asia/Kolkata] PHP Deprecated:  number_format(): Passing null to parameter #1 ($num) of type float is deprecated in /home/nons257754/public_html/digitaladmin/index.php on line 1125
[17-Aug-2026 11:54:29 Asia/Kolkata] PHP Deprecated:  number_format(): Passing null to parameter #1 ($num) of type float is deprecated in /home/nons257754/public_html/digitaladmin/index.php on line 968
[17-Aug-2026 11:54:29 Asia/Kolkata] PHP Deprecated:  number_format(): Passing null to parameter #1 ($num) of type float is deprecated in /home/nons257754/public_html/digitaladmin/index.php on line 1125
[17-Aug-2026 11:54:29 Asia/Kolkata] PHP Deprecated:  number_format(): Passing null to parameter #1 ($num) of type float is deprecated in /home/nons257754/public_html/digitaladmin/index.php on line 968
[17-Aug-2026 11:54:29 Asia/Kolkata] PHP Deprecated:  number_format(): Passing null to parameter #1 ($num) of type float is deprecated in /home/nons257754/public_html/digitaladmin/index.php on line 1125
[17-Aug-2026 12:21:26 Asia/Kolkata] PHP Deprecated:  number_format(): Passing null to parameter #1 ($num) of type float is deprecated in /home/nons257754/public_html/digitaladmin/index.php on line 968
[17-Aug-2026 12:21:26 Asia/Kolkata] PHP Deprecated:  number_format(): Passing null to parameter #1 ($num) of type float is deprecated in /home/nons257754/public_html/digitaladmin/index.php on line 1125
[17-Aug-2026 13:28:05 Asia/Kolkata] PHP Deprecated:  number_format(): Passing null to parameter #1 ($num) of type float is deprecated in /home/nons257754/public_html/digitaladmin/index.php on line 968
[17-Aug-2026 13:28:05 Asia/Kolkata] PHP Deprecated:  number_format(): Passing null to parameter #1 ($num) of type float is deprecated in /home/nons257754/public_html/digitaladmin/index.php on line 1125
[17-Aug-2026 13:41:25 Asia/Kolkata] PHP Deprecated:  number_format(): Passing null to parameter #1 ($num) of type float is deprecated in /home/nons257754/public_html/digitaladmin/index.php on line 968
[17-Aug-2026 13:41:25 Asia/Kolkata] PHP Deprecated:  number_format(): Passing null to parameter #1 ($num) of type float is deprecated in /home/nons257754/public_html/digitaladmin/index.php on line 1125
[17-Aug-2026 13:41:26 Asia/Kolkata] PHP Deprecated:  number_format(): Passing null to parameter #1 ($num) of type float is deprecated in /home/nons257754/public_html/digitaladmin/index.php on line 968
[17-Aug-2026 13:41:26 Asia/Kolkata] PHP Deprecated:  number_format(): Passing null to parameter #1 ($num) of type float is deprecated in /home/nons257754/public_html/digitaladmin/index.php on line 1125
[17-Aug-2026 13:41:34 Asia/Kolkata] PHP Deprecated:  number_format(): Passing null to parameter #1 ($num) of type float is deprecated in /home/nons257754/public_html/digitaladmin/index.php on line 968
[17-Aug-2026 13:41:34 Asia/Kolkata] PHP Deprecated:  number_format(): Passing null to parameter #1 ($num) of type float is deprecated in /home/nons257754/public_html/digitaladmin/index.php on line 1125
[17-Aug-2026 13:43:48 Asia/Kolkata] PHP Deprecated:  number_format(): Passing null to parameter #1 ($num) of type float is deprecated in /home/nons257754/public_html/digitaladmin/index.php on line 968
[17-Aug-2026 13:43:48 Asia/Kolkata] PHP Deprecated:  number_format(): Passing null to parameter #1 ($num) of type float is deprecated in /home/nons257754/public_html/digitaladmin/index.php on line 1125
[17-Aug-2026 13:48:22 Asia/Kolkata] PHP Deprecated:  number_format(): Passing null to parameter #1 ($num) of type float is deprecated in /home/nons257754/public_html/digitaladmin/index.php on line 968
[17-Aug-2026 13:48:22 Asia/Kolkata] PHP Deprecated:  number_format(): Passing null to parameter #1 ($num) of type float is deprecated in /home/nons257754/public_html/digitaladmin/index.php on line 1125
[17-Aug-2026 14:07:16 Asia/Kolkata] PHP Deprecated:  number_format(): Passing null to parameter #1 ($num) of type float is deprecated in /home/nons257754/public_html/digitaladmin/index.php on line 968
[17-Aug-2026 14:07:16 Asia/Kolkata] PHP Deprecated:  number_format(): Passing null to parameter #1 ($num) of type float is deprecated in /home/nons257754/public_html/digitaladmin/index.php on line 1125
[17-Aug-2026 14:27:38 Asia/Kolkata] PHP Deprecated:  number_format(): Passing null to parameter #1 ($num) of type float is deprecated in /home/nons257754/public_html/digitaladmin/index.php on line 968
[17-Aug-2026 14:27:38 Asia/Kolkata] PHP Deprecated:  number_format(): Passing null to parameter #1 ($num) of type float is deprecated in /home/nons257754/public_html/digitaladmin/index.php on line 1125
[17-Aug-2026 14:32:49 Asia/Kolkata] PHP Deprecated:  number_format(): Passing null to parameter #1 ($num) of type float is deprecated in /home/nons257754/public_html/digitaladmin/index.php on line 968
[17-Aug-2026 14:32:49 Asia/Kolkata] PHP Deprecated:  number_format(): Passing null to parameter #1 ($num) of type float is deprecated in /home/nons257754/public_html/digitaladmin/index.php on line 1125
[17-Aug-2026 14:33:02 Asia/Kolkata] PHP Deprecated:  number_format(): Passing null to parameter #1 ($num) of type float is deprecated in /home/nons257754/public_html/digitaladmin/index.php on line 968
[17-Aug-2026 14:33:02 Asia/Kolkata] PHP Deprecated:  number_format(): Passing null to parameter #1 ($num) of type float is deprecated in /home/nons257754/public_html/digitaladmin/index.php on line 1125
[17-Aug-2026 15:14:33 Asia/Kolkata] PHP Deprecated:  number_format(): Passing null to parameter #1 ($num) of type float is deprecated in /home/nons257754/public_html/digitaladmin/index.php on line 968
[17-Aug-2026 15:14:33 Asia/Kolkata] PHP Deprecated:  number_format(): Passing null to parameter #1 ($num) of type float is deprecated in /home/nons257754/public_html/digitaladmin/index.php on line 1125
[17-Aug-2026 15:14:33 Asia/Kolkata] PHP Deprecated:  number_format(): Passing null to parameter #1 ($num) of type float is deprecated in /home/nons257754/public_html/digitaladmin/index.php on line 968
[17-Aug-2026 15:14:33 Asia/Kolkata] PHP Deprecated:  number_format(): Passing null to parameter #1 ($num) of type float is deprecated in /home/nons257754/public_html/digitaladmin/index.php on line 1125
[17-Aug-2026 15:20:38 Asia/Kolkata] PHP Deprecated:  number_format(): Passing null to parameter #1 ($num) of type float is deprecated in /home/nons257754/public_html/digitaladmin/index.php on line 968
[17-Aug-2026 15:20:38 Asia/Kolkata] PHP Deprecated:  number_format(): Passing null to parameter #1 ($num) of type float is deprecated in /home/nons257754/public_html/digitaladmin/index.php on line 1125
[17-Aug-2026 15:22:41 Asia/Kolkata] PHP Deprecated:  number_format(): Passing null to parameter #1 ($num) of type float is deprecated in /home/nons257754/public_html/digitaladmin/index.php on line 968
[17-Aug-2026 15:22:41 Asia/Kolkata] PHP Deprecated:  number_format(): Passing null to parameter #1 ($num) of type float is deprecated in /home/nons257754/public_html/digitaladmin/index.php on line 1125
[17-Aug-2026 15:23:37 Asia/Kolkata] PHP Deprecated:  number_format(): Passing null to parameter #1 ($num) of type float is deprecated in /home/nons257754/public_html/digitaladmin/index.php on line 968
[17-Aug-2026 15:23:37 Asia/Kolkata] PHP Deprecated:  number_format(): Passing null to parameter #1 ($num) of type float is deprecated in /home/nons257754/public_html/digitaladmin/index.php on line 1125
[17-Aug-2026 15:32:17 Asia/Kolkata] PHP Deprecated:  number_format(): Passing null to parameter #1 ($num) of type float is deprecated in /home/nons257754/public_html/digitaladmin/index.php on line 968
[17-Aug-2026 15:32:17 Asia/Kolkata] PHP Deprecated:  number_format(): Passing null to parameter #1 ($num) of type float is deprecated in /home/nons257754/public_html/digitaladmin/index.php on line 1125
[17-Aug-2026 15:41:11 Asia/Kolkata] PHP Deprecated:  number_format(): Passing null to parameter #1 ($num) of type float is deprecated in /home/nons257754/public_html/digitaladmin/index.php on line 968
[17-Aug-2026 15:41:11 Asia/Kolkata] PHP Deprecated:  number_format(): Passing null to parameter #1 ($num) of type float is deprecated in /home/nons257754/public_html/digitaladmin/index.php on line 1125
[17-Aug-2026 15:42:52 Asia/Kolkata] PHP Deprecated:  number_format(): Passing null to parameter #1 ($num) of type float is deprecated in /home/nons257754/public_html/digitaladmin/index.php on line 968
[17-Aug-2026 15:42:52 Asia/Kolkata] PHP Deprecated:  number_format(): Passing null to parameter #1 ($num) of type float is deprecated in /home/nons257754/public_html/digitaladmin/index.php on line 1125
[17-Aug-2026 15:52:05 Asia/Kolkata] PHP Deprecated:  number_format(): Passing null to parameter #1 ($num) of type float is deprecated in /home/nons257754/public_html/digitaladmin/index.php on line 968
[17-Aug-2026 15:52:05 Asia/Kolkata] PHP Deprecated:  number_format(): Passing null to parameter #1 ($num) of type float is deprecated in /home/nons257754/public_html/digitaladmin/index.php on line 1125
[17-Aug-2026 17:35:44 Asia/Kolkata] PHP Deprecated:  number_format(): Passing null to parameter #1 ($num) of type float is deprecated in /home/nons257754/public_html/digitaladmin/index.php on line 968
[17-Aug-2026 17:35:44 Asia/Kolkata] PHP Deprecated:  number_format(): Passing null to parameter #1 ($num) of type float is deprecated in /home/nons257754/public_html/digitaladmin/index.php on line 1125
[17-Aug-2026 18:22:11 Asia/Kolkata] PHP Deprecated:  number_format(): Passing null to parameter #1 ($num) of type float is deprecated in /home/nons257754/public_html/digitaladmin/index.php on line 968
[17-Aug-2026 18:22:11 Asia/Kolkata] PHP Deprecated:  number_format(): Passing null to parameter #1 ($num) of type float is deprecated in /home/nons257754/public_html/digitaladmin/index.php on line 1125
[17-Aug-2026 18:22:51 Asia/Kolkata] PHP Deprecated:  number_format(): Passing null to parameter #1 ($num) of type float is deprecated in /home/nons257754/public_html/digitaladmin/index.php on line 968
[17-Aug-2026 18:22:51 Asia/Kolkata] PHP Deprecated:  number_format(): Passing null to parameter #1 ($num) of type float is deprecated in /home/nons257754/public_html/digitaladmin/index.php on line 1125
[17-Aug-2026 18:45:52 Asia/Kolkata] PHP Deprecated:  number_format(): Passing null to parameter #1 ($num) of type float is deprecated in /home/nons257754/public_html/digitaladmin/index.php on line 968
[17-Aug-2026 20:31:10 Asia/Kolkata] PHP Deprecated:  number_format(): Passing null to parameter #1 ($num) of type float is deprecated in /home/nons257754/public_html/digitaladmin/index.php on line 1125
[17-Aug-2026 20:31:16 Asia/Kolkata] PHP Deprecated:  number_format(): Passing null to parameter #1 ($num) of type float is deprecated in /home/nons257754/public_html/digitaladmin/index.php on line 1125
[17-Aug-2026 20:32:47 Asia/Kolkata] PHP Deprecated:  number_format(): Passing null to parameter #1 ($num) of type float is deprecated in /home/nons257754/public_html/digitaladmin/index.php on line 1125
[17-Aug-2026 20:32:48 Asia/Kolkata] PHP Deprecated:  number_format(): Passing null to parameter #1 ($num) of type float is deprecated in /home/nons257754/public_html/digitaladmin/index.php on line 1125
[17-Aug-2026 20:33:32 Asia/Kolkata] PHP Deprecated:  number_format(): Passing null to parameter #1 ($num) of type float is deprecated in /home/nons257754/public_html/digitaladmin/index.php on line 1125
[17-Aug-2026 20:35:30 Asia/Kolkata] PHP Deprecated:  number_format(): Passing null to parameter #1 ($num) of type float is deprecated in /home/nons257754/public_html/digitaladmin/index.php on line 1125
[17-Aug-2026 20:36:15 Asia/Kolkata] PHP Deprecated:  number_format(): Passing null to parameter #1 ($num) of type float is deprecated in /home/nons257754/public_html/digitaladmin/index.php on line 1125
[17-Aug-2026 20:37:22 Asia/Kolkata] PHP Deprecated:  number_format(): Passing null to parameter #1 ($num) of type float is deprecated in /home/nons257754/public_html/digitaladmin/index.php on line 1125
[17-Aug-2026 20:58:23 Asia/Kolkata] PHP Deprecated:  number_format(): Passing null to parameter #1 ($num) of type float is deprecated in /home/nons257754/public_html/digitaladmin/index.php on line 1125
[17-Aug-2026 20:58:31 Asia/Kolkata] PHP Deprecated:  number_format(): Passing null to parameter #1 ($num) of type float is deprecated in /home/nons257754/public_html/digitaladmin/index.php on line 1125
[17-Aug-2026 20:59:52 Asia/Kolkata] PHP Deprecated:  number_format(): Passing null to parameter #1 ($num) of type float is deprecated in /home/nons257754/public_html/digitaladmin/index.php on line 1125
[17-Aug-2026 21:00:46 Asia/Kolkata] PHP Deprecated:  number_format(): Passing null to parameter #1 ($num) of type float is deprecated in /home/nons257754/public_html/digitaladmin/index.php on line 1125
[17-Aug-2026 21:00:51 Asia/Kolkata] PHP Deprecated:  number_format(): Passing null to parameter #1 ($num) of type float is deprecated in /home/nons257754/public_html/digitaladmin/index.php on line 1125
[17-Aug-2026 21:00:54 Asia/Kolkata] PHP Deprecated:  number_format(): Passing null to parameter #1 ($num) of type float is deprecated in /home/nons257754/public_html/digitaladmin/index.php on line 1125
[17-Aug-2026 21:01:02 Asia/Kolkata] PHP Deprecated:  number_format(): Passing null to parameter #1 ($num) of type float is deprecated in /home/nons257754/public_html/digitaladmin/index.php on line 1125
[17-Aug-2026 21:09:37 Asia/Kolkata] PHP Deprecated:  number_format(): Passing null to parameter #1 ($num) of type float is deprecated in /home/nons257754/public_html/digitaladmin/index.php on line 1125
[17-Aug-2026 21:12:28 Asia/Kolkata] PHP Deprecated:  number_format(): Passing null to parameter #1 ($num) of type float is deprecated in /home/nons257754/public_html/digitaladmin/index.php on line 1125
[18-Aug-2026 09:09:28 Asia/Kolkata] PHP Deprecated:  number_format(): Passing null to parameter #1 ($num) of type float is deprecated in /home/nons257754/public_html/digitaladmin/index.php on line 942
[18-Aug-2026 09:09:28 Asia/Kolkata] PHP Deprecated:  number_format(): Passing null to parameter #1 ($num) of type float is deprecated in /home/nons257754/public_html/digitaladmin/index.php on line 968
[18-Aug-2026 09:09:28 Asia/Kolkata] PHP Deprecated:  number_format(): Passing null to parameter #1 ($num) of type float is deprecated in /home/nons257754/public_html/digitaladmin/index.php on line 1125
[18-Aug-2026 10:17:10 Asia/Kolkata] PHP Deprecated:  number_format(): Passing null to parameter #1 ($num) of type float is deprecated in /home/nons257754/public_html/digitaladmin/index.php on line 942
[18-Aug-2026 10:17:10 Asia/Kolkata] PHP Deprecated:  number_format(): Passing null to parameter #1 ($num) of type float is deprecated in /home/nons257754/public_html/digitaladmin/index.php on line 968
[18-Aug-2026 10:17:10 Asia/Kolkata] PHP Deprecated:  number_format(): Passing null to parameter #1 ($num) of type float is deprecated in /home/nons257754/public_html/digitaladmin/index.php on line 1125
[18-Aug-2026 10:18:02 Asia/Kolkata] PHP Deprecated:  number_format(): Passing null to parameter #1 ($num) of type float is deprecated in /home/nons257754/public_html/digitaladmin/index.php on line 942
[18-Aug-2026 10:18:02 Asia/Kolkata] PHP Deprecated:  number_format(): Passing null to parameter #1 ($num) of type float is deprecated in /home/nons257754/public_html/digitaladmin/index.php on line 968
[18-Aug-2026 10:18:02 Asia/Kolkata] PHP Deprecated:  number_format(): Passing null to parameter #1 ($num) of type float is deprecated in /home/nons257754/public_html/digitaladmin/index.php on line 1125
[18-Aug-2026 10:19:33 Asia/Kolkata] PHP Deprecated:  number_format(): Passing null to parameter #1 ($num) of type float is deprecated in /home/nons257754/public_html/digitaladmin/index.php on line 942
[18-Aug-2026 10:19:33 Asia/Kolkata] PHP Deprecated:  number_format(): Passing null to parameter #1 ($num) of type float is deprecated in /home/nons257754/public_html/digitaladmin/index.php on line 968
[18-Aug-2026 10:19:33 Asia/Kolkata] PHP Deprecated:  number_format(): Passing null to parameter #1 ($num) of type float is deprecated in /home/nons257754/public_html/digitaladmin/index.php on line 1125
[18-Aug-2026 10:32:07 Asia/Kolkata] PHP Deprecated:  number_format(): Passing null to parameter #1 ($num) of type float is deprecated in /home/nons257754/public_html/digitaladmin/index.php on line 942
[18-Aug-2026 10:32:07 Asia/Kolkata] PHP Deprecated:  number_format(): Passing null to parameter #1 ($num) of type float is deprecated in /home/nons257754/public_html/digitaladmin/index.php on line 968
[18-Aug-2026 10:32:07 Asia/Kolkata] PHP Deprecated:  number_format(): Passing null to parameter #1 ($num) of type float is deprecated in /home/nons257754/public_html/digitaladmin/index.php on line 1125
[18-Aug-2026 10:34:06 Asia/Kolkata] PHP Deprecated:  number_format(): Passing null to parameter #1 ($num) of type float is deprecated in /home/nons257754/public_html/digitaladmin/index.php on line 942
[18-Aug-2026 10:34:06 Asia/Kolkata] PHP Deprecated:  number_format(): Passing null to parameter #1 ($num) of type float is deprecated in /home/nons257754/public_html/digitaladmin/index.php on line 968
[18-Aug-2026 10:34:06 Asia/Kolkata] PHP Deprecated:  number_format(): Passing null to parameter #1 ($num) of type float is deprecated in /home/nons257754/public_html/digitaladmin/index.php on line 1125
[18-Aug-2026 10:34:52 Asia/Kolkata] PHP Deprecated:  number_format(): Passing null to parameter #1 ($num) of type float is deprecated in /home/nons257754/public_html/digitaladmin/index.php on line 942
[18-Aug-2026 10:34:52 Asia/Kolkata] PHP Deprecated:  number_format(): Passing null to parameter #1 ($num) of type float is deprecated in /home/nons257754/public_html/digitaladmin/index.php on line 968
[18-Aug-2026 10:34:52 Asia/Kolkata] PHP Deprecated:  number_format(): Passing null to parameter #1 ($num) of type float is deprecated in /home/nons257754/public_html/digitaladmin/index.php on line 1125
[18-Aug-2026 10:35:06 Asia/Kolkata] PHP Deprecated:  number_format(): Passing null to parameter #1 ($num) of type float is deprecated in /home/nons257754/public_html/digitaladmin/index.php on line 942
[18-Aug-2026 10:35:06 Asia/Kolkata] PHP Deprecated:  number_format(): Passing null to parameter #1 ($num) of type float is deprecated in /home/nons257754/public_html/digitaladmin/index.php on line 968
[18-Aug-2026 10:35:06 Asia/Kolkata] PHP Deprecated:  number_format(): Passing null to parameter #1 ($num) of type float is deprecated in /home/nons257754/public_html/digitaladmin/index.php on line 1125
[18-Aug-2026 10:35:25 Asia/Kolkata] PHP Deprecated:  number_format(): Passing null to parameter #1 ($num) of type float is deprecated in /home/nons257754/public_html/digitaladmin/index.php on line 942
[18-Aug-2026 10:35:25 Asia/Kolkata] PHP Deprecated:  number_format(): Passing null to parameter #1 ($num) of type float is deprecated in /home/nons257754/public_html/digitaladmin/index.php on line 968
[18-Aug-2026 10:35:25 Asia/Kolkata] PHP Deprecated:  number_format(): Passing null to parameter #1 ($num) of type float is deprecated in /home/nons257754/public_html/digitaladmin/index.php on line 1125
[18-Aug-2026 12:23:55 Asia/Kolkata] PHP Deprecated:  number_format(): Passing null to parameter #1 ($num) of type float is deprecated in /home/nons257754/public_html/digitaladmin/index.php on line 942
[18-Aug-2026 12:23:55 Asia/Kolkata] PHP Deprecated:  number_format(): Passing null to parameter #1 ($num) of type float is deprecated in /home/nons257754/public_html/digitaladmin/index.php on line 968
[18-Aug-2026 12:23:55 Asia/Kolkata] PHP Deprecated:  number_format(): Passing null to parameter #1 ($num) of type float is deprecated in /home/nons257754/public_html/digitaladmin/index.php on line 1125
[18-Aug-2026 12:24:55 Asia/Kolkata] PHP Deprecated:  number_format(): Passing null to parameter #1 ($num) of type float is deprecated in /home/nons257754/public_html/digitaladmin/index.php on line 942
[18-Aug-2026 12:24:55 Asia/Kolkata] PHP Deprecated:  number_format(): Passing null to parameter #1 ($num) of type float is deprecated in /home/nons257754/public_html/digitaladmin/index.php on line 968
[18-Aug-2026 12:24:55 Asia/Kolkata] PHP Deprecated:  number_format(): Passing null to parameter #1 ($num) of type float is deprecated in /home/nons257754/public_html/digitaladmin/index.php on line 1125
[18-Aug-2026 13:14:44 Asia/Kolkata] PHP Deprecated:  number_format(): Passing null to parameter #1 ($num) of type float is deprecated in /home/nons257754/public_html/digitaladmin/index.php on line 942
[18-Aug-2026 13:14:44 Asia/Kolkata] PHP Deprecated:  number_format(): Passing null to parameter #1 ($num) of type float is deprecated in /home/nons257754/public_html/digitaladmin/index.php on line 968
[18-Aug-2026 13:14:44 Asia/Kolkata] PHP Deprecated:  number_format(): Passing null to parameter #1 ($num) of type float is deprecated in /home/nons257754/public_html/digitaladmin/index.php on line 1125
[18-Aug-2026 13:29:43 Asia/Kolkata] PHP Deprecated:  number_format(): Passing null to parameter #1 ($num) of type float is deprecated in /home/nons257754/public_html/digitaladmin/index.php on line 942
[18-Aug-2026 13:29:43 Asia/Kolkata] PHP Deprecated:  number_format(): Passing null to parameter #1 ($num) of type float is deprecated in /home/nons257754/public_html/digitaladmin/index.php on line 968
[18-Aug-2026 13:29:43 Asia/Kolkata] PHP Deprecated:  number_format(): Passing null to parameter #1 ($num) of type float is deprecated in /home/nons257754/public_html/digitaladmin/index.php on line 1125
[18-Aug-2026 15:48:57 Asia/Kolkata] PHP Deprecated:  number_format(): Passing null to parameter #1 ($num) of type float is deprecated in /home/nons257754/public_html/digitaladmin/index.php on line 942
[18-Aug-2026 15:48:57 Asia/Kolkata] PHP Deprecated:  number_format(): Passing null to parameter #1 ($num) of type float is deprecated in /home/nons257754/public_html/digitaladmin/index.php on line 968
[18-Aug-2026 15:48:57 Asia/Kolkata] PHP Deprecated:  number_format(): Passing null to parameter #1 ($num) of type float is deprecated in /home/nons257754/public_html/digitaladmin/index.php on line 1125
[18-Aug-2026 17:24:31 Asia/Kolkata] PHP Deprecated:  number_format(): Passing null to parameter #1 ($num) of type float is deprecated in /home/nons257754/public_html/digitaladmin/index.php on line 942
[18-Aug-2026 17:24:31 Asia/Kolkata] PHP Deprecated:  number_format(): Passing null to parameter #1 ($num) of type float is deprecated in /home/nons257754/public_html/digitaladmin/index.php on line 968
[18-Aug-2026 17:24:31 Asia/Kolkata] PHP Deprecated:  number_format(): Passing null to parameter #1 ($num) of type float is deprecated in /home/nons257754/public_html/digitaladmin/index.php on line 1125
[18-Aug-2026 17:25:16 Asia/Kolkata] PHP Deprecated:  number_format(): Passing null to parameter #1 ($num) of type float is deprecated in /home/nons257754/public_html/digitaladmin/index.php on line 942
[18-Aug-2026 17:25:16 Asia/Kolkata] PHP Deprecated:  number_format(): Passing null to parameter #1 ($num) of type float is deprecated in /home/nons257754/public_html/digitaladmin/index.php on line 968
[18-Aug-2026 17:25:16 Asia/Kolkata] PHP Deprecated:  number_format(): Passing null to parameter #1 ($num) of type float is deprecated in /home/nons257754/public_html/digitaladmin/index.php on line 1125
[18-Aug-2026 17:42:37 Asia/Kolkata] PHP Deprecated:  number_format(): Passing null to parameter #1 ($num) of type float is deprecated in /home/nons257754/public_html/digitaladmin/index.php on line 942
[18-Aug-2026 17:42:37 Asia/Kolkata] PHP Deprecated:  number_format(): Passing null to parameter #1 ($num) of type float is deprecated in /home/nons257754/public_html/digitaladmin/index.php on line 968
[18-Aug-2026 17:42:37 Asia/Kolkata] PHP Deprecated:  number_format(): Passing null to parameter #1 ($num) of type float is deprecated in /home/nons257754/public_html/digitaladmin/index.php on line 1046
[18-Aug-2026 17:42:37 Asia/Kolkata] PHP Deprecated:  number_format(): Passing null to parameter #1 ($num) of type float is deprecated in /home/nons257754/public_html/digitaladmin/index.php on line 1125
[18-Aug-2026 17:46:52 Asia/Kolkata] PHP Deprecated:  number_format(): Passing null to parameter #1 ($num) of type float is deprecated in /home/nons257754/public_html/digitaladmin/index.php on line 942
[18-Aug-2026 17:46:52 Asia/Kolkata] PHP Deprecated:  number_format(): Passing null to parameter #1 ($num) of type float is deprecated in /home/nons257754/public_html/digitaladmin/index.php on line 968
[18-Aug-2026 17:46:52 Asia/Kolkata] PHP Deprecated:  number_format(): Passing null to parameter #1 ($num) of type float is deprecated in /home/nons257754/public_html/digitaladmin/index.php on line 1046
[18-Aug-2026 17:46:52 Asia/Kolkata] PHP Deprecated:  number_format(): Passing null to parameter #1 ($num) of type float is deprecated in /home/nons257754/public_html/digitaladmin/index.php on line 1125
[18-Aug-2026 17:48:08 Asia/Kolkata] PHP Deprecated:  number_format(): Passing null to parameter #1 ($num) of type float is deprecated in /home/nons257754/public_html/digitaladmin/index.php on line 942
[18-Aug-2026 17:48:08 Asia/Kolkata] PHP Deprecated:  number_format(): Passing null to parameter #1 ($num) of type float is deprecated in /home/nons257754/public_html/digitaladmin/index.php on line 968
[18-Aug-2026 17:48:08 Asia/Kolkata] PHP Deprecated:  number_format(): Passing null to parameter #1 ($num) of type float is deprecated in /home/nons257754/public_html/digitaladmin/index.php on line 1046
[18-Aug-2026 17:48:08 Asia/Kolkata] PHP Deprecated:  number_format(): Passing null to parameter #1 ($num) of type float is deprecated in /home/nons257754/public_html/digitaladmin/index.php on line 1125
[18-Aug-2026 17:49:48 Asia/Kolkata] PHP Deprecated:  number_format(): Passing null to parameter #1 ($num) of type float is deprecated in /home/nons257754/public_html/digitaladmin/index.php on line 942
[18-Aug-2026 17:49:48 Asia/Kolkata] PHP Deprecated:  number_format(): Passing null to parameter #1 ($num) of type float is deprecated in /home/nons257754/public_html/digitaladmin/index.php on line 968
[18-Aug-2026 17:49:48 Asia/Kolkata] PHP Deprecated:  number_format(): Passing null to parameter #1 ($num) of type float is deprecated in /home/nons257754/public_html/digitaladmin/index.php on line 1046
[18-Aug-2026 17:49:48 Asia/Kolkata] PHP Deprecated:  number_format(): Passing null to parameter #1 ($num) of type float is deprecated in /home/nons257754/public_html/digitaladmin/index.php on line 1125
[18-Aug-2026 17:51:24 Asia/Kolkata] PHP Deprecated:  number_format(): Passing null to parameter #1 ($num) of type float is deprecated in /home/nons257754/public_html/digitaladmin/index.php on line 942
[18-Aug-2026 17:51:24 Asia/Kolkata] PHP Deprecated:  number_format(): Passing null to parameter #1 ($num) of type float is deprecated in /home/nons257754/public_html/digitaladmin/index.php on line 968
[18-Aug-2026 17:51:24 Asia/Kolkata] PHP Deprecated:  number_format(): Passing null to parameter #1 ($num) of type float is deprecated in /home/nons257754/public_html/digitaladmin/index.php on line 1046
[18-Aug-2026 17:51:24 Asia/Kolkata] PHP Deprecated:  number_format(): Passing null to parameter #1 ($num) of type float is deprecated in /home/nons257754/public_html/digitaladmin/index.php on line 1125
[18-Aug-2026 17:51:43 Asia/Kolkata] PHP Deprecated:  number_format(): Passing null to parameter #1 ($num) of type float is deprecated in /home/nons257754/public_html/digitaladmin/index.php on line 942
[18-Aug-2026 17:51:43 Asia/Kolkata] PHP Deprecated:  number_format(): Passing null to parameter #1 ($num) of type float is deprecated in /home/nons257754/public_html/digitaladmin/index.php on line 968
[18-Aug-2026 17:51:43 Asia/Kolkata] PHP Deprecated:  number_format(): Passing null to parameter #1 ($num) of type float is deprecated in /home/nons257754/public_html/digitaladmin/index.php on line 1046
[18-Aug-2026 17:51:43 Asia/Kolkata] PHP Deprecated:  number_format(): Passing null to parameter #1 ($num) of type float is deprecated in /home/nons257754/public_html/digitaladmin/index.php on line 1125
[18-Aug-2026 17:53:41 Asia/Kolkata] PHP Deprecated:  number_format(): Passing null to parameter #1 ($num) of type float is deprecated in /home/nons257754/public_html/digitaladmin/index.php on line 942
[18-Aug-2026 17:53:41 Asia/Kolkata] PHP Deprecated:  number_format(): Passing null to parameter #1 ($num) of type float is deprecated in /home/nons257754/public_html/digitaladmin/index.php on line 968
[18-Aug-2026 17:53:41 Asia/Kolkata] PHP Deprecated:  number_format(): Passing null to parameter #1 ($num) of type float is deprecated in /home/nons257754/public_html/digitaladmin/index.php on line 1046
[18-Aug-2026 17:53:41 Asia/Kolkata] PHP Deprecated:  number_format(): Passing null to parameter #1 ($num) of type float is deprecated in /home/nons257754/public_html/digitaladmin/index.php on line 1125
[18-Aug-2026 17:54:03 Asia/Kolkata] PHP Deprecated:  number_format(): Passing null to parameter #1 ($num) of type float is deprecated in /home/nons257754/public_html/digitaladmin/index.php on line 942
[18-Aug-2026 17:54:03 Asia/Kolkata] PHP Deprecated:  number_format(): Passing null to parameter #1 ($num) of type float is deprecated in /home/nons257754/public_html/digitaladmin/index.php on line 968
[18-Aug-2026 17:54:03 Asia/Kolkata] PHP Deprecated:  number_format(): Passing null to parameter #1 ($num) of type float is deprecated in /home/nons257754/public_html/digitaladmin/index.php on line 1046
[18-Aug-2026 17:54:03 Asia/Kolkata] PHP Deprecated:  number_format(): Passing null to parameter #1 ($num) of type float is deprecated in /home/nons257754/public_html/digitaladmin/index.php on line 1125
[18-Aug-2026 19:45:44 Asia/Kolkata] PHP Deprecated:  number_format(): Passing null to parameter #1 ($num) of type float is deprecated in /home/nons257754/public_html/digitaladmin/index.php on line 942
[18-Aug-2026 19:45:44 Asia/Kolkata] PHP Deprecated:  number_format(): Passing null to parameter #1 ($num) of type float is deprecated in /home/nons257754/public_html/digitaladmin/index.php on line 968
[18-Aug-2026 19:45:44 Asia/Kolkata] PHP Deprecated:  number_format(): Passing null to parameter #1 ($num) of type float is deprecated in /home/nons257754/public_html/digitaladmin/index.php on line 1046
[18-Aug-2026 19:45:44 Asia/Kolkata] PHP Deprecated:  number_format(): Passing null to parameter #1 ($num) of type float is deprecated in /home/nons257754/public_html/digitaladmin/index.php on line 1125
[19-Aug-2026 08:55:57 Asia/Kolkata] PHP Deprecated:  number_format(): Passing null to parameter #1 ($num) of type float is deprecated in /home/nons257754/public_html/digitaladmin/index.php on line 942
[19-Aug-2026 08:55:57 Asia/Kolkata] PHP Deprecated:  number_format(): Passing null to parameter #1 ($num) of type float is deprecated in /home/nons257754/public_html/digitaladmin/index.php on line 968
[19-Aug-2026 08:55:57 Asia/Kolkata] PHP Deprecated:  number_format(): Passing null to parameter #1 ($num) of type float is deprecated in /home/nons257754/public_html/digitaladmin/index.php on line 1046
[19-Aug-2026 08:55:57 Asia/Kolkata] PHP Deprecated:  number_format(): Passing null to parameter #1 ($num) of type float is deprecated in /home/nons257754/public_html/digitaladmin/index.php on line 1125
[19-Aug-2026 08:56:21 Asia/Kolkata] PHP Deprecated:  number_format(): Passing null to parameter #1 ($num) of type float is deprecated in /home/nons257754/public_html/digitaladmin/index.php on line 942
[19-Aug-2026 08:56:21 Asia/Kolkata] PHP Deprecated:  number_format(): Passing null to parameter #1 ($num) of type float is deprecated in /home/nons257754/public_html/digitaladmin/index.php on line 968
[19-Aug-2026 08:56:21 Asia/Kolkata] PHP Deprecated:  number_format(): Passing null to parameter #1 ($num) of type float is deprecated in /home/nons257754/public_html/digitaladmin/index.php on line 1046
[19-Aug-2026 08:56:21 Asia/Kolkata] PHP Deprecated:  number_format(): Passing null to parameter #1 ($num) of type float is deprecated in /home/nons257754/public_html/digitaladmin/index.php on line 1125
[19-Aug-2026 09:02:27 Asia/Kolkata] PHP Deprecated:  number_format(): Passing null to parameter #1 ($num) of type float is deprecated in /home/nons257754/public_html/digitaladmin/index.php on line 942
[19-Aug-2026 09:02:27 Asia/Kolkata] PHP Deprecated:  number_format(): Passing null to parameter #1 ($num) of type float is deprecated in /home/nons257754/public_html/digitaladmin/index.php on line 968
[19-Aug-2026 09:02:27 Asia/Kolkata] PHP Deprecated:  number_format(): Passing null to parameter #1 ($num) of type float is deprecated in /home/nons257754/public_html/digitaladmin/index.php on line 1046
[19-Aug-2026 09:02:27 Asia/Kolkata] PHP Deprecated:  number_format(): Passing null to parameter #1 ($num) of type float is deprecated in /home/nons257754/public_html/digitaladmin/index.php on line 1125
[19-Aug-2026 09:02:50 Asia/Kolkata] PHP Deprecated:  number_format(): Passing null to parameter #1 ($num) of type float is deprecated in /home/nons257754/public_html/digitaladmin/index.php on line 942
[19-Aug-2026 09:02:50 Asia/Kolkata] PHP Deprecated:  number_format(): Passing null to parameter #1 ($num) of type float is deprecated in /home/nons257754/public_html/digitaladmin/index.php on line 968
[19-Aug-2026 09:02:50 Asia/Kolkata] PHP Deprecated:  number_format(): Passing null to parameter #1 ($num) of type float is deprecated in /home/nons257754/public_html/digitaladmin/index.php on line 1046
[19-Aug-2026 09:02:50 Asia/Kolkata] PHP Deprecated:  number_format(): Passing null to parameter #1 ($num) of type float is deprecated in /home/nons257754/public_html/digitaladmin/index.php on line 1125
[19-Aug-2026 09:11:52 Asia/Kolkata] PHP Deprecated:  number_format(): Passing null to parameter #1 ($num) of type float is deprecated in /home/nons257754/public_html/digitaladmin/index.php on line 942
[19-Aug-2026 09:11:52 Asia/Kolkata] PHP Deprecated:  number_format(): Passing null to parameter #1 ($num) of type float is deprecated in /home/nons257754/public_html/digitaladmin/index.php on line 968
[19-Aug-2026 09:11:52 Asia/Kolkata] PHP Deprecated:  number_format(): Passing null to parameter #1 ($num) of type float is deprecated in /home/nons257754/public_html/digitaladmin/index.php on line 1046
[19-Aug-2026 09:11:52 Asia/Kolkata] PHP Deprecated:  number_format(): Passing null to parameter #1 ($num) of type float is deprecated in /home/nons257754/public_html/digitaladmin/index.php on line 1125
[19-Aug-2026 09:12:24 Asia/Kolkata] PHP Deprecated:  number_format(): Passing null to parameter #1 ($num) of type float is deprecated in /home/nons257754/public_html/digitaladmin/index.php on line 942
[19-Aug-2026 09:12:24 Asia/Kolkata] PHP Deprecated:  number_format(): Passing null to parameter #1 ($num) of type float is deprecated in /home/nons257754/public_html/digitaladmin/index.php on line 968
[19-Aug-2026 09:12:24 Asia/Kolkata] PHP Deprecated:  number_format(): Passing null to parameter #1 ($num) of type float is deprecated in /home/nons257754/public_html/digitaladmin/index.php on line 1046
[19-Aug-2026 09:12:24 Asia/Kolkata] PHP Deprecated:  number_format(): Passing null to parameter #1 ($num) of type float is deprecated in /home/nons257754/public_html/digitaladmin/index.php on line 1125
[19-Aug-2026 10:07:00 Asia/Kolkata] PHP Deprecated:  number_format(): Passing null to parameter #1 ($num) of type float is deprecated in /home/nons257754/public_html/digitaladmin/index.php on line 942
[19-Aug-2026 10:07:00 Asia/Kolkata] PHP Deprecated:  number_format(): Passing null to parameter #1 ($num) of type float is deprecated in /home/nons257754/public_html/digitaladmin/index.php on line 968
[19-Aug-2026 10:07:00 Asia/Kolkata] PHP Deprecated:  number_format(): Passing null to parameter #1 ($num) of type float is deprecated in /home/nons257754/public_html/digitaladmin/index.php on line 1046
[19-Aug-2026 10:07:00 Asia/Kolkata] PHP Deprecated:  number_format(): Passing null to parameter #1 ($num) of type float is deprecated in /home/nons257754/public_html/digitaladmin/index.php on line 1125
[19-Aug-2026 10:07:21 Asia/Kolkata] PHP Deprecated:  number_format(): Passing null to parameter #1 ($num) of type float is deprecated in /home/nons257754/public_html/digitaladmin/index.php on line 942
[19-Aug-2026 10:07:21 Asia/Kolkata] PHP Deprecated:  number_format(): Passing null to parameter #1 ($num) of type float is deprecated in /home/nons257754/public_html/digitaladmin/index.php on line 968
[19-Aug-2026 10:07:21 Asia/Kolkata] PHP Deprecated:  number_format(): Passing null to parameter #1 ($num) of type float is deprecated in /home/nons257754/public_html/digitaladmin/index.php on line 1046
[19-Aug-2026 10:07:21 Asia/Kolkata] PHP Deprecated:  number_format(): Passing null to parameter #1 ($num) of type float is deprecated in /home/nons257754/public_html/digitaladmin/index.php on line 1125
[19-Aug-2026 10:14:17 Asia/Kolkata] PHP Deprecated:  number_format(): Passing null to parameter #1 ($num) of type float is deprecated in /home/nons257754/public_html/digitaladmin/index.php on line 942
[19-Aug-2026 10:14:17 Asia/Kolkata] PHP Deprecated:  number_format(): Passing null to parameter #1 ($num) of type float is deprecated in /home/nons257754/public_html/digitaladmin/index.php on line 968
[19-Aug-2026 10:14:17 Asia/Kolkata] PHP Deprecated:  number_format(): Passing null to parameter #1 ($num) of type float is deprecated in /home/nons257754/public_html/digitaladmin/index.php on line 1046
[19-Aug-2026 10:14:17 Asia/Kolkata] PHP Deprecated:  number_format(): Passing null to parameter #1 ($num) of type float is deprecated in /home/nons257754/public_html/digitaladmin/index.php on line 1125
[19-Aug-2026 10:14:50 Asia/Kolkata] PHP Deprecated:  number_format(): Passing null to parameter #1 ($num) of type float is deprecated in /home/nons257754/public_html/digitaladmin/index.php on line 942
[19-Aug-2026 10:14:50 Asia/Kolkata] PHP Deprecated:  number_format(): Passing null to parameter #1 ($num) of type float is deprecated in /home/nons257754/public_html/digitaladmin/index.php on line 968
[19-Aug-2026 10:14:50 Asia/Kolkata] PHP Deprecated:  number_format(): Passing null to parameter #1 ($num) of type float is deprecated in /home/nons257754/public_html/digitaladmin/index.php on line 1046
[19-Aug-2026 10:14:50 Asia/Kolkata] PHP Deprecated:  number_format(): Passing null to parameter #1 ($num) of type float is deprecated in /home/nons257754/public_html/digitaladmin/index.php on line 1125
[19-Aug-2026 10:15:16 Asia/Kolkata] PHP Deprecated:  number_format(): Passing null to parameter #1 ($num) of type float is deprecated in /home/nons257754/public_html/digitaladmin/index.php on line 942
[19-Aug-2026 10:15:16 Asia/Kolkata] PHP Deprecated:  number_format(): Passing null to parameter #1 ($num) of type float is deprecated in /home/nons257754/public_html/digitaladmin/index.php on line 968
[19-Aug-2026 10:15:16 Asia/Kolkata] PHP Deprecated:  number_format(): Passing null to parameter #1 ($num) of type float is deprecated in /home/nons257754/public_html/digitaladmin/index.php on line 1046
[19-Aug-2026 10:15:16 Asia/Kolkata] PHP Deprecated:  number_format(): Passing null to parameter #1 ($num) of type float is deprecated in /home/nons257754/public_html/digitaladmin/index.php on line 1125
[19-Aug-2026 10:16:03 Asia/Kolkata] PHP Deprecated:  number_format(): Passing null to parameter #1 ($num) of type float is deprecated in /home/nons257754/public_html/digitaladmin/index.php on line 942
[19-Aug-2026 10:16:03 Asia/Kolkata] PHP Deprecated:  number_format(): Passing null to parameter #1 ($num) of type float is deprecated in /home/nons257754/public_html/digitaladmin/index.php on line 968
[19-Aug-2026 10:16:03 Asia/Kolkata] PHP Deprecated:  number_format(): Passing null to parameter #1 ($num) of type float is deprecated in /home/nons257754/public_html/digitaladmin/index.php on line 1046
[19-Aug-2026 10:16:03 Asia/Kolkata] PHP Deprecated:  number_format(): Passing null to parameter #1 ($num) of type float is deprecated in /home/nons257754/public_html/digitaladmin/index.php on line 1125
[19-Aug-2026 17:36:28 Asia/Kolkata] PHP Deprecated:  number_format(): Passing null to parameter #1 ($num) of type float is deprecated in /home/nons257754/public_html/digitaladmin/index.php on line 968
[19-Aug-2026 17:36:28 Asia/Kolkata] PHP Deprecated:  number_format(): Passing null to parameter #1 ($num) of type float is deprecated in /home/nons257754/public_html/digitaladmin/index.php on line 1046
[19-Aug-2026 17:36:28 Asia/Kolkata] PHP Deprecated:  number_format(): Passing null to parameter #1 ($num) of type float is deprecated in /home/nons257754/public_html/digitaladmin/index.php on line 1125
[19-Aug-2026 17:41:12 Asia/Kolkata] PHP Deprecated:  number_format(): Passing null to parameter #1 ($num) of type float is deprecated in /home/nons257754/public_html/digitaladmin/index.php on line 968
[19-Aug-2026 17:41:12 Asia/Kolkata] PHP Deprecated:  number_format(): Passing null to parameter #1 ($num) of type float is deprecated in /home/nons257754/public_html/digitaladmin/index.php on line 1046
[19-Aug-2026 17:41:12 Asia/Kolkata] PHP Deprecated:  number_format(): Passing null to parameter #1 ($num) of type float is deprecated in /home/nons257754/public_html/digitaladmin/index.php on line 1125
[19-Aug-2026 17:46:35 Asia/Kolkata] PHP Deprecated:  number_format(): Passing null to parameter #1 ($num) of type float is deprecated in /home/nons257754/public_html/digitaladmin/index.php on line 968
[19-Aug-2026 17:46:35 Asia/Kolkata] PHP Deprecated:  number_format(): Passing null to parameter #1 ($num) of type float is deprecated in /home/nons257754/public_html/digitaladmin/index.php on line 1046
[19-Aug-2026 17:46:35 Asia/Kolkata] PHP Deprecated:  number_format(): Passing null to parameter #1 ($num) of type float is deprecated in /home/nons257754/public_html/digitaladmin/index.php on line 1125
[19-Aug-2026 17:46:36 Asia/Kolkata] PHP Deprecated:  number_format(): Passing null to parameter #1 ($num) of type float is deprecated in /home/nons257754/public_html/digitaladmin/index.php on line 968
[19-Aug-2026 17:46:36 Asia/Kolkata] PHP Deprecated:  number_format(): Passing null to parameter #1 ($num) of type float is deprecated in /home/nons257754/public_html/digitaladmin/index.php on line 1046
[19-Aug-2026 17:46:36 Asia/Kolkata] PHP Deprecated:  number_format(): Passing null to parameter #1 ($num) of type float is deprecated in /home/nons257754/public_html/digitaladmin/index.php on line 1125
[19-Aug-2026 17:50:12 Asia/Kolkata] PHP Deprecated:  number_format(): Passing null to parameter #1 ($num) of type float is deprecated in /home/nons257754/public_html/digitaladmin/index.php on line 968
[19-Aug-2026 17:50:12 Asia/Kolkata] PHP Deprecated:  number_format(): Passing null to parameter #1 ($num) of type float is deprecated in /home/nons257754/public_html/digitaladmin/index.php on line 1046
[19-Aug-2026 17:50:12 Asia/Kolkata] PHP Deprecated:  number_format(): Passing null to parameter #1 ($num) of type float is deprecated in /home/nons257754/public_html/digitaladmin/index.php on line 1125
[19-Aug-2026 19:32:55 Asia/Kolkata] PHP Deprecated:  number_format(): Passing null to parameter #1 ($num) of type float is deprecated in /home/nons257754/public_html/digitaladmin/index.php on line 968
[19-Aug-2026 19:32:55 Asia/Kolkata] PHP Deprecated:  number_format(): Passing null to parameter #1 ($num) of type float is deprecated in /home/nons257754/public_html/digitaladmin/index.php on line 1046
[19-Aug-2026 19:32:55 Asia/Kolkata] PHP Deprecated:  number_format(): Passing null to parameter #1 ($num) of type float is deprecated in /home/nons257754/public_html/digitaladmin/index.php on line 1125
[19-Aug-2026 19:59:22 Asia/Kolkata] PHP Deprecated:  number_format(): Passing null to parameter #1 ($num) of type float is deprecated in /home/nons257754/public_html/digitaladmin/index.php on line 968
[19-Aug-2026 19:59:22 Asia/Kolkata] PHP Deprecated:  number_format(): Passing null to parameter #1 ($num) of type float is deprecated in /home/nons257754/public_html/digitaladmin/index.php on line 1046
[19-Aug-2026 19:59:22 Asia/Kolkata] PHP Deprecated:  number_format(): Passing null to parameter #1 ($num) of type float is deprecated in /home/nons257754/public_html/digitaladmin/index.php on line 1125
[19-Aug-2026 20:00:41 Asia/Kolkata] PHP Deprecated:  number_format(): Passing null to parameter #1 ($num) of type float is deprecated in /home/nons257754/public_html/digitaladmin/index.php on line 968
[19-Aug-2026 20:00:41 Asia/Kolkata] PHP Deprecated:  number_format(): Passing null to parameter #1 ($num) of type float is deprecated in /home/nons257754/public_html/digitaladmin/index.php on line 1046
[19-Aug-2026 20:00:41 Asia/Kolkata] PHP Deprecated:  number_format(): Passing null to parameter #1 ($num) of type float is deprecated in /home/nons257754/public_html/digitaladmin/index.php on line 1125
[19-Aug-2026 20:02:48 Asia/Kolkata] PHP Deprecated:  number_format(): Passing null to parameter #1 ($num) of type float is deprecated in /home/nons257754/public_html/digitaladmin/index.php on line 968
[19-Aug-2026 20:02:48 Asia/Kolkata] PHP Deprecated:  number_format(): Passing null to parameter #1 ($num) of type float is deprecated in /home/nons257754/public_html/digitaladmin/index.php on line 1046
[19-Aug-2026 20:02:48 Asia/Kolkata] PHP Deprecated:  number_format(): Passing null to parameter #1 ($num) of type float is deprecated in /home/nons257754/public_html/digitaladmin/index.php on line 1125
[19-Aug-2026 20:06:13 Asia/Kolkata] PHP Deprecated:  number_format(): Passing null to parameter #1 ($num) of type float is deprecated in /home/nons257754/public_html/digitaladmin/index.php on line 968
[19-Aug-2026 20:06:13 Asia/Kolkata] PHP Deprecated:  number_format(): Passing null to parameter #1 ($num) of type float is deprecated in /home/nons257754/public_html/digitaladmin/index.php on line 1046
[19-Aug-2026 20:06:13 Asia/Kolkata] PHP Deprecated:  number_format(): Passing null to parameter #1 ($num) of type float is deprecated in /home/nons257754/public_html/digitaladmin/index.php on line 1125
[19-Aug-2026 20:09:31 Asia/Kolkata] PHP Deprecated:  number_format(): Passing null to parameter #1 ($num) of type float is deprecated in /home/nons257754/public_html/digitaladmin/index.php on line 968
[19-Aug-2026 20:09:31 Asia/Kolkata] PHP Deprecated:  number_format(): Passing null to parameter #1 ($num) of type float is deprecated in /home/nons257754/public_html/digitaladmin/index.php on line 1046
[19-Aug-2026 20:09:31 Asia/Kolkata] PHP Deprecated:  number_format(): Passing null to parameter #1 ($num) of type float is deprecated in /home/nons257754/public_html/digitaladmin/index.php on line 1125
[19-Aug-2026 21:17:22 Asia/Kolkata] PHP Deprecated:  number_format(): Passing null to parameter #1 ($num) of type float is deprecated in /home/nons257754/public_html/digitaladmin/index.php on line 968
[19-Aug-2026 21:17:22 Asia/Kolkata] PHP Deprecated:  number_format(): Passing null to parameter #1 ($num) of type float is deprecated in /home/nons257754/public_html/digitaladmin/index.php on line 1046
[19-Aug-2026 21:17:22 Asia/Kolkata] PHP Deprecated:  number_format(): Passing null to parameter #1 ($num) of type float is deprecated in /home/nons257754/public_html/digitaladmin/index.php on line 1125
[19-Aug-2026 21:19:00 Asia/Kolkata] PHP Deprecated:  number_format(): Passing null to parameter #1 ($num) of type float is deprecated in /home/nons257754/public_html/digitaladmin/index.php on line 968
[19-Aug-2026 21:19:00 Asia/Kolkata] PHP Deprecated:  number_format(): Passing null to parameter #1 ($num) of type float is deprecated in /home/nons257754/public_html/digitaladmin/index.php on line 1046
[19-Aug-2026 21:19:00 Asia/Kolkata] PHP Deprecated:  number_format(): Passing null to parameter #1 ($num) of type float is deprecated in /home/nons257754/public_html/digitaladmin/index.php on line 1125
[20-Aug-2026 09:52:36 Asia/Kolkata] PHP Deprecated:  number_format(): Passing null to parameter #1 ($num) of type float is deprecated in /home/nons257754/public_html/digitaladmin/index.php on line 942
[20-Aug-2026 09:52:36 Asia/Kolkata] PHP Deprecated:  number_format(): Passing null to parameter #1 ($num) of type float is deprecated in /home/nons257754/public_html/digitaladmin/index.php on line 968
[20-Aug-2026 09:52:36 Asia/Kolkata] PHP Deprecated:  number_format(): Passing null to parameter #1 ($num) of type float is deprecated in /home/nons257754/public_html/digitaladmin/index.php on line 1046
[20-Aug-2026 09:52:36 Asia/Kolkata] PHP Deprecated:  number_format(): Passing null to parameter #1 ($num) of type float is deprecated in /home/nons257754/public_html/digitaladmin/index.php on line 1125
[20-Aug-2026 09:53:31 Asia/Kolkata] PHP Deprecated:  number_format(): Passing null to parameter #1 ($num) of type float is deprecated in /home/nons257754/public_html/digitaladmin/index.php on line 942
[20-Aug-2026 09:53:31 Asia/Kolkata] PHP Deprecated:  number_format(): Passing null to parameter #1 ($num) of type float is deprecated in /home/nons257754/public_html/digitaladmin/index.php on line 968
[20-Aug-2026 09:53:31 Asia/Kolkata] PHP Deprecated:  number_format(): Passing null to parameter #1 ($num) of type float is deprecated in /home/nons257754/public_html/digitaladmin/index.php on line 1046
[20-Aug-2026 09:53:31 Asia/Kolkata] PHP Deprecated:  number_format(): Passing null to parameter #1 ($num) of type float is deprecated in /home/nons257754/public_html/digitaladmin/index.php on line 1125
[20-Aug-2026 11:26:36 Asia/Kolkata] PHP Deprecated:  number_format(): Passing null to parameter #1 ($num) of type float is deprecated in /home/nons257754/public_html/digitaladmin/index.php on line 942
[20-Aug-2026 11:26:36 Asia/Kolkata] PHP Deprecated:  number_format(): Passing null to parameter #1 ($num) of type float is deprecated in /home/nons257754/public_html/digitaladmin/index.php on line 968
[20-Aug-2026 11:26:36 Asia/Kolkata] PHP Deprecated:  number_format(): Passing null to parameter #1 ($num) of type float is deprecated in /home/nons257754/public_html/digitaladmin/index.php on line 1046
[20-Aug-2026 11:26:36 Asia/Kolkata] PHP Deprecated:  number_format(): Passing null to parameter #1 ($num) of type float is deprecated in /home/nons257754/public_html/digitaladmin/index.php on line 1125
[20-Aug-2026 11:27:30 Asia/Kolkata] PHP Deprecated:  number_format(): Passing null to parameter #1 ($num) of type float is deprecated in /home/nons257754/public_html/digitaladmin/index.php on line 942
[20-Aug-2026 11:27:30 Asia/Kolkata] PHP Deprecated:  number_format(): Passing null to parameter #1 ($num) of type float is deprecated in /home/nons257754/public_html/digitaladmin/index.php on line 968
[20-Aug-2026 11:27:30 Asia/Kolkata] PHP Deprecated:  number_format(): Passing null to parameter #1 ($num) of type float is deprecated in /home/nons257754/public_html/digitaladmin/index.php on line 1046
[20-Aug-2026 11:27:30 Asia/Kolkata] PHP Deprecated:  number_format(): Passing null to parameter #1 ($num) of type float is deprecated in /home/nons257754/public_html/digitaladmin/index.php on line 1125
[20-Aug-2026 11:51:09 Asia/Kolkata] PHP Deprecated:  number_format(): Passing null to parameter #1 ($num) of type float is deprecated in /home/nons257754/public_html/digitaladmin/index.php on line 942
[20-Aug-2026 11:51:09 Asia/Kolkata] PHP Deprecated:  number_format(): Passing null to parameter #1 ($num) of type float is deprecated in /home/nons257754/public_html/digitaladmin/index.php on line 968
[20-Aug-2026 11:51:09 Asia/Kolkata] PHP Deprecated:  number_format(): Passing null to parameter #1 ($num) of type float is deprecated in /home/nons257754/public_html/digitaladmin/index.php on line 1046
[20-Aug-2026 11:51:09 Asia/Kolkata] PHP Deprecated:  number_format(): Passing null to parameter #1 ($num) of type float is deprecated in /home/nons257754/public_html/digitaladmin/index.php on line 1125
[20-Aug-2026 11:51:49 Asia/Kolkata] PHP Deprecated:  number_format(): Passing null to parameter #1 ($num) of type float is deprecated in /home/nons257754/public_html/digitaladmin/index.php on line 942
[20-Aug-2026 11:51:49 Asia/Kolkata] PHP Deprecated:  number_format(): Passing null to parameter #1 ($num) of type float is deprecated in /home/nons257754/public_html/digitaladmin/index.php on line 968
[20-Aug-2026 11:51:49 Asia/Kolkata] PHP Deprecated:  number_format(): Passing null to parameter #1 ($num) of type float is deprecated in /home/nons257754/public_html/digitaladmin/index.php on line 1046
[20-Aug-2026 11:51:49 Asia/Kolkata] PHP Deprecated:  number_format(): Passing null to parameter #1 ($num) of type float is deprecated in /home/nons257754/public_html/digitaladmin/index.php on line 1125
[20-Aug-2026 12:33:10 Asia/Kolkata] PHP Deprecated:  number_format(): Passing null to parameter #1 ($num) of type float is deprecated in /home/nons257754/public_html/digitaladmin/index.php on line 942
[20-Aug-2026 12:33:10 Asia/Kolkata] PHP Deprecated:  number_format(): Passing null to parameter #1 ($num) of type float is deprecated in /home/nons257754/public_html/digitaladmin/index.php on line 968
[20-Aug-2026 12:33:10 Asia/Kolkata] PHP Deprecated:  number_format(): Passing null to parameter #1 ($num) of type float is deprecated in /home/nons257754/public_html/digitaladmin/index.php on line 1046
[20-Aug-2026 12:33:10 Asia/Kolkata] PHP Deprecated:  number_format(): Passing null to parameter #1 ($num) of type float is deprecated in /home/nons257754/public_html/digitaladmin/index.php on line 1125
[20-Aug-2026 12:50:44 Asia/Kolkata] PHP Deprecated:  number_format(): Passing null to parameter #1 ($num) of type float is deprecated in /home/nons257754/public_html/digitaladmin/index.php on line 942
[20-Aug-2026 12:50:44 Asia/Kolkata] PHP Deprecated:  number_format(): Passing null to parameter #1 ($num) of type float is deprecated in /home/nons257754/public_html/digitaladmin/index.php on line 968
[20-Aug-2026 12:50:44 Asia/Kolkata] PHP Deprecated:  number_format(): Passing null to parameter #1 ($num) of type float is deprecated in /home/nons257754/public_html/digitaladmin/index.php on line 1046
[20-Aug-2026 12:50:44 Asia/Kolkata] PHP Deprecated:  number_format(): Passing null to parameter #1 ($num) of type float is deprecated in /home/nons257754/public_html/digitaladmin/index.php on line 1125
[20-Aug-2026 16:15:39 Asia/Kolkata] PHP Deprecated:  number_format(): Passing null to parameter #1 ($num) of type float is deprecated in /home/nons257754/public_html/digitaladmin/index.php on line 942
[20-Aug-2026 16:15:39 Asia/Kolkata] PHP Deprecated:  number_format(): Passing null to parameter #1 ($num) of type float is deprecated in /home/nons257754/public_html/digitaladmin/index.php on line 968
[20-Aug-2026 16:15:39 Asia/Kolkata] PHP Deprecated:  number_format(): Passing null to parameter #1 ($num) of type float is deprecated in /home/nons257754/public_html/digitaladmin/index.php on line 1046
[20-Aug-2026 16:15:39 Asia/Kolkata] PHP Deprecated:  number_format(): Passing null to parameter #1 ($num) of type float is deprecated in /home/nons257754/public_html/digitaladmin/index.php on line 1125
[20-Aug-2026 16:43:33 Asia/Kolkata] PHP Deprecated:  number_format(): Passing null to parameter #1 ($num) of type float is deprecated in /home/nons257754/public_html/digitaladmin/index.php on line 942
[20-Aug-2026 16:43:33 Asia/Kolkata] PHP Deprecated:  number_format(): Passing null to parameter #1 ($num) of type float is deprecated in /home/nons257754/public_html/digitaladmin/index.php on line 968
[20-Aug-2026 16:43:33 Asia/Kolkata] PHP Deprecated:  number_format(): Passing null to parameter #1 ($num) of type float is deprecated in /home/nons257754/public_html/digitaladmin/index.php on line 1046
[20-Aug-2026 16:43:33 Asia/Kolkata] PHP Deprecated:  number_format(): Passing null to parameter #1 ($num) of type float is deprecated in /home/nons257754/public_html/digitaladmin/index.php on line 1125
[20-Aug-2026 16:47:57 Asia/Kolkata] PHP Deprecated:  number_format(): Passing null to parameter #1 ($num) of type float is deprecated in /home/nons257754/public_html/digitaladmin/index.php on line 942
[20-Aug-2026 16:47:57 Asia/Kolkata] PHP Deprecated:  number_format(): Passing null to parameter #1 ($num) of type float is deprecated in /home/nons257754/public_html/digitaladmin/index.php on line 968
[20-Aug-2026 16:47:57 Asia/Kolkata] PHP Deprecated:  number_format(): Passing null to parameter #1 ($num) of type float is deprecated in /home/nons257754/public_html/digitaladmin/index.php on line 1046
[20-Aug-2026 16:47:57 Asia/Kolkata] PHP Deprecated:  number_format(): Passing null to parameter #1 ($num) of type float is deprecated in /home/nons257754/public_html/digitaladmin/index.php on line 1125
[20-Aug-2026 16:49:26 Asia/Kolkata] PHP Deprecated:  number_format(): Passing null to parameter #1 ($num) of type float is deprecated in /home/nons257754/public_html/digitaladmin/index.php on line 942
[20-Aug-2026 16:49:26 Asia/Kolkata] PHP Deprecated:  number_format(): Passing null to parameter #1 ($num) of type float is deprecated in /home/nons257754/public_html/digitaladmin/index.php on line 968
[20-Aug-2026 16:49:26 Asia/Kolkata] PHP Deprecated:  number_format(): Passing null to parameter #1 ($num) of type float is deprecated in /home/nons257754/public_html/digitaladmin/index.php on line 1046
[20-Aug-2026 16:49:26 Asia/Kolkata] PHP Deprecated:  number_format(): Passing null to parameter #1 ($num) of type float is deprecated in /home/nons257754/public_html/digitaladmin/index.php on line 1125
